{
  "parameters": {
    "experiments": [
      "e8_1",
      "e8_2"
    ],
    "reference_points": [
      [
        5,
        5,
        5,
        5,
        5,
        5
      ],
      [
        5,
        5,
        5,
        5,
        5,
        5
      ]
    ]
  },
  "results": {
    "e8_1": {
      "nsga3_deap_func": {
        "mean_hv": 14236.717267406313,
        "std_hv": 1.8136601343607295,
        "num_runs": 100
      },
      "nsga3_func": {
        "mean_hv": 12240.379317757772,
        "std_hv": 43.93005617996607,
        "num_runs": 100
      },
      "nsga3_pymoo_func": {
        "mean_hv": 13757.795598644067,
        "std_hv": 1.8189894035458565e-12,
        "num_runs": 100
      }
    },
    "e8_2": {
      "nsga3_deap_func": {
        "mean_hv": 15525.87932170392,
        "std_hv": 14.589177999245281,
        "num_runs": 100
      },
      "nsga3_func": {
        "mean_hv": 15181.40414433601,
        "std_hv": 19.41397656463516,
        "num_runs": 100
      },
      "nsga3_pymoo_func": {
        "mean_hv": 15585.688811113232,
        "std_hv": 1.8189894035458565e-12,
        "num_runs": 100
      }
    }
  }
}