{
  "implementation": "nsga3_deap_func",
  "elapsed_time": 0.12208318710327148,
  "hv_elapsed_time": 0.10921621322631836,
  "count_elapsed_time": 0.0012111663818359375,
  "analyze_elapsed_time": 0.00044226646423339844,
  "gd_elapsed_time": 0.0017693042755126953,
  "igd_elapsed_time": 0.004601001739501953,
  "worst_point": [
    1.0998478048452474,
    0.6335235680017285,
    0.8824554464448005,
    1.097216613023473
  ],
  "delta": 0.1,
  "hypervolume": 2.4075688965362465,
  "gd": 0.07351627965551234,
  "igd": 0.29839053360761125,
  "points_per_niche": [
    1.0,
    6.0,
    3.0,
    1.0,
    0.0,
    0.0,
    0.0,
    0.0,
    0.0,
    0.0,
    0.0,
    0.0,
    3.0,
    2.0,
    3.0,
    0.0,
    1.0,
    0.0,
    0.0,
    0.0,
    0.0,
    0.0,
    0.0,
    0.0,
    0.0,
    0.0,
    0.0,
    0.0,
    0.0,
    0.0,
    0.0,
    0.0,
    0.0,
    0.0,
    0.0,
    0.0,
    0.0,
    0.0,
    0.0,
    0.0,
    0.0,
    0.0,
    0.0,
    0.0,
    0.0,
    0.0,
    0.0,
    0.0,
    0.0,
    0.0,
    0.0,
    0.0,
    0.0,
    0.0,
    0.0,
    0.0,
    0.0,
    0.0,
    0.0,
    0.0,
    0.0,
    0.0,
    0.0,
    0.0,
    0.0,
    0.0,
    0.0,
    1.0,
    1.0,
    2.0,
    0.0,
    0.0,
    0.0,
    0.0,
    0.0,
    0.0,
    0.0,
    0.0,
    2.0,
    3.0,
    0.0,
    0.0,
    0.0,
    0.0,
    0.0,
    0.0,
    1.0,
    1.0,
    1.0,
    0.0,
    0.0,
    0.0,
    0.0,
    0.0,
    0.0,
    0.0,
    0.0,
    0.0,
    0.0,
    0.0,
    0.0,
    0.0,
    0.0,
    0.0,
    0.0,
    0.0,
    0.0,
    0.0,
    0.0,
    0.0,
    0.0,
    0.0,
    0.0,
    0.0,
    0.0,
    0.0,
    0.0,
    0.0,
    0.0,
    0.0,
    0.0,
    0.0,
    0.0,
    0.0,
    1.0,
    0.0,
    0.0,
    0.0,
    0.0,
    0.0,
    0.0,
    0.0,
    0.0,
    3.0,
    0.0,
    0.0,
    0.0,
    0.0,
    0.0,
    0.0,
    5.0,
    2.0,
    0.0,
    0.0,
    0.0,
    0.0,
    0.0,
    0.0,
    0.0,
    0.0,
    0.0,
    0.0,
    0.0,
    0.0,
    0.0,
    0.0,
    0.0,
    0.0,
    0.0,
    0.0,
    0.0,
    0.0,
    0.0,
    0.0,
    0.0,
    0.0,
    0.0,
    0.0,
    0.0,
    1.0,
    0.0,
    0.0,
    0.0,
    0.0,
    0.0,
    0.0,
    2.0,
    1.0,
    0.0,
    0.0,
    0.0,
    1.0,
    1.0,
    5.0,
    3.0,
    0.0,
    0.0,
    0.0,
    0.0,
    1.0,
    0.0,
    0.0,
    0.0,
    0.0,
    0.0,
    0.0,
    0.0,
    0.0,
    0.0,
    0.0,
    0.0,
    0.0,
    0.0,
    0.0,
    0.0,
    0.0,
    0.0,
    0.0,
    0.0,
    0.0,
    0.0,
    3.0,
    0.0,
    1.0,
    0.0,
    0.0,
    2.0,
    3.0,
    0.0,
    0.0,
    0.0,
    0.0,
    0.0,
    0.0,
    0.0,
    0.0,
    0.0,
    0.0,
    0.0,
    0.0,
    0.0,
    1.0,
    0.0,
    0.0,
    0.0,
    0.0,
    0.0,
    2.0,
    0.0,
    0.0,
    0.0,
    0.0,
    0.0,
    1.0,
    0.0,
    0.0,
    0.0,
    0.0,
    0.0,
    0.0,
    0.0,
    0.0,
    1.0,
    0.0,
    0.0,
    0.0,
    0.0,
    3.0,
    0.0,
    0.0,
    0.0,
    3.0,
    0.0,
    0.0,
    0.0,
    0.0,
    0.0,
    0.0,
    0.0,
    0.0,
    0.0,
    3.0,
    0.0,
    0.0,
    0.0,
    0.0,
    2.0,
    2.0,
    0.0,
    2.0,
    0.0,
    0.0,
    1.0,
    0.0,
    1.0,
    1.0
  ],
  "points_out_r": 0,
  "niche_metrics": {
    "coverage": 0.15734265734265734,
    "empty_ratio": 0.8426573426573427,
    "outside_rate": 0.0,
    "entropy_norm": 0.6443919145577964,
    "gini": 254.7111111111111,
    "chi2": 691.7333333333332,
    "avg_active": 2.0,
    "max_density": 6.0,
    "std_density": 0.8724179118182206,
    "CUS": -39.91958041958042
  },
  "pareto_front": [
    [
      -0.0014064242328634593,
      -0.0018790783438276492,
      -0.07452192795042245,
      0.997216613023473
    ],
    [
      4.1799435804782344e-18,
      1.1653880630838806e-17,
      0.20219423916182075,
      0.9793454393878457
    ],
    [
      0.00035531220972525554,
      0.003440609930881499,
      0.13012752578886838,
      0.9914912319272443
    ],
    [
      0.000430234633152607,
      0.004286108962092659,
      0.11481505880618034,
      0.9933775447630467
    ],
    [
      0.0031063671509898596,
      0.0405167372201061,
      0.12091826839044084,
      0.9918303871416814
    ],
    [
      0.0033254475537241005,
      0.014363557727117173,
      0.3941938239485314,
      0.9189090590307734
    ],
    [
      0.00491099663130909,
      0.021024744864333388,
      0.07628383003101415,
      0.996852355913992
    ],
    [
      0.010706901090366943,
      0.1303617385047975,
      0.7824554464448005,
      0.6088141372635131
    ],
    [
      0.010767942260396198,
      0.008834298022255467,
      0.13334276938801787,
      0.9909721047788704
    ],
    [
      0.018232371271604778,
      0.061085337809571386,
      0.1172850507504079,
      0.99105013950505
    ],
    [
      0.019341515191537425,
      0.04528493746013468,
      0.25989700724538595,
      0.9643799696458959
    ],
    [
      0.031203320974009817,
      0.06367471114822555,
      0.2567810981772313,
      0.9638647994087542
    ],
    [
      0.0344687666634322,
      0.13283426793704795,
      0.2839363714048954,
      0.948971600407384
    ],
    [
      0.039617041209576605,
      0.06636442784394446,
      0.17336367215767695,
      0.9818203959679948
    ],
    [
      0.039919889317253134,
      0.06912200025680683,
      0.09938375683850345,
      0.991842437282284
    ],
    [
      0.05130120649546954,
      0.07351453556751814,
      0.43657118440044185,
      0.8951923816831758
    ],
    [
      0.05643123247555469,
      0.0772257696537315,
      0.15758214684294775,
      0.9828629423775456
    ],
    [
      0.05847060345567966,
      0.0977222104087431,
      0.4412515361059269,
      0.8901284401750783
    ],
    [
      0.06286844185414697,
      0.13848272145670998,
      0.2780795182839091,
      0.9484418149722017
    ],
    [
      0.0760913705780538,
      0.16781687706388082,
      0.41309148379051513,
      0.8918537016326333
    ],
    [
      0.07771107782055238,
      0.04436358419215005,
      0.12005148755058148,
      0.9887267069916169
    ],
    [
      0.07896768998745159,
      0.04175484491173265,
      0.42521347486722205,
      0.9006742683433258
    ],
    [
      0.11765755203985014,
      0.07260623030700707,
      0.2610781600375697,
      0.955365495567007
    ],
    [
      0.11905157306264584,
      0.17952720307225356,
      0.3234844802655447,
      0.9213872678389331
    ],
    [
      0.1225682765052412,
      0.06417708730938058,
      0.4707664171042413,
      0.8713422402166984
    ],
    [
      0.12475732170217863,
      0.3499730706363055,
      0.11661775424756303,
      0.9210617568357453
    ],
    [
      0.12789962204004862,
      0.17638991543673133,
      0.5932814567344997,
      0.7749486418526234
    ],
    [
      0.15860025284853796,
      0.23360410779435078,
      0.37813593255959366,
      0.8816395505677315
    ],
    [
      0.1828939121035896,
      0.24355454313869743,
      0.3581682111285619,
      0.8825794774233711
    ],
    [
      0.20004092954627498,
      0.16074194502424444,
      0.5135107880664765,
      0.8188115315232385
    ],
    [
      0.2281873343290227,
      0.3785761671261904,
      0.5138408993596412,
      0.7352402031180917
    ],
    [
      0.2613582284238314,
      0.13091161083314432,
      0.4531454318703093,
      0.8421479942143771
    ],
    [
      0.2709506892447354,
      0.32118089969033764,
      0.45147301641891074,
      0.7871471711932388
    ],
    [
      0.29975939690517833,
      0.11084283638706788,
      0.46055294202015556,
      0.828099726594142
    ],
    [
      0.3212622878980148,
      0.2443171875278419,
      0.5639160134786678,
      0.7204848256523834
    ],
    [
      0.3657988658949238,
      0.35867342666584306,
      0.4241823948790196,
      0.7467354676111677
    ],
    [
      0.40504183560144696,
      0.305993986457164,
      0.04217025873648676,
      0.8605407956295629
    ],
    [
      0.4163110701974425,
      0.27261531468046374,
