{
  "implementation": "nsga3_func",
  "elapsed_time": 0.6754968166351318,
  "hv_elapsed_time": 0.14842987060546875,
  "count_elapsed_time": 0.0013148784637451172,
  "analyze_elapsed_time": 0.0006303787231445312,
  "gd_elapsed_time": 0.0020012855529785156,
  "igd_elapsed_time": 0.004715442657470703,
  "worst_point": [
    0.6201109874803095,
    1.090213371187937,
    1.0998136701916967,
    1.0999999951315131
  ],
  "delta": 0.1,
  "hypervolume": 25.576898849051428,
  "gd": 0.08429750106939364,
  "igd": 0.22575408156647636,
  "points_per_niche": [
    1.0,
    0.0,
    1.0,
    1.0,
    1.0,
    2.0,
    0.0,
    0.0,
    1.0,
    1.0,
    1.0,
    0.0,
    0.0,
    0.0,
    0.0,
    0.0,
    0.0,
    0.0,
    0.0,
    0.0,
    0.0,
    1.0,
    0.0,
    1.0,
    1.0,
    2.0,
    1.0,
    0.0,
    0.0,
    0.0,
    0.0,
    2.0,
    1.0,
    0.0,
    0.0,
    1.0,
    1.0,
    0.0,
    1.0,
    0.0,
    2.0,
    1.0,
    0.0,
    0.0,
    0.0,
    0.0,
    0.0,
    0.0,
    1.0,
    1.0,
    1.0,
    1.0,
    1.0,
    0.0,
    0.0,
    0.0,
    0.0,
    0.0,
    1.0,
    0.0,
    1.0,
    0.0,
    0.0,
    0.0,
    0.0,
    0.0,
    0.0,
    0.0,
    0.0,
    0.0,
    0.0,
    0.0,
    1.0,
    0.0,
    0.0,
    1.0,
    1.0,
    0.0,
    0.0,
    0.0,
    0.0,
    0.0,
    1.0,
    0.0,
    0.0,
    1.0,
    0.0,
    1.0,
    2.0,
    0.0,
    2.0,
    1.0,
    0.0,
    0.0,
    0.0,
    2.0,
    1.0,
    2.0,
    0.0,
    0.0,
    1.0,
    0.0,
    2.0,
    2.0,
    0.0,
    0.0,
    1.0,
    1.0,
    2.0,
    0.0,
    0.0,
    0.0,
    0.0,
    0.0,
    1.0,
    1.0,
    0.0,
    1.0,
    0.0,
    0.0,
    1.0,
    2.0,
    0.0,
    1.0,
    2.0,
    3.0,
    3.0,
    2.0,
    1.0,
    0.0,
    0.0,
    0.0,
    0.0,
    0.0,
    0.0,
    0.0,
    0.0,
    0.0,
    0.0,
    0.0,
    1.0,
    2.0,
    0.0,
    1.0,
    0.0,
    1.0,
    1.0,
    5.0,
    3.0,
    1.0,
    0.0,
    1.0,
    2.0,
    1.0,
    1.0,
    1.0,
    1.0,
    0.0,
    1.0,
    0.0,
    1.0,
    0.0,
    0.0,
    0.0,
    0.0,
    0.0,
    0.0,
    1.0,
    0.0,
    0.0,
    0.0,
    0.0,
    0.0,
    0.0,
    0.0,
    0.0,
    0.0,
    0.0,
    0.0,
    0.0,
    0.0,
    0.0,
    0.0,
    0.0,
    0.0,
    0.0,
    1.0,
    0.0,
    0.0,
    0.0,
    0.0,
    0.0,
    0.0,
    0.0,
    0.0,
    0.0,
    0.0,
    0.0,
    0.0,
    0.0,
    0.0,
    0.0,
    0.0,
    0.0,
    0.0,
    0.0,
    0.0,
    0.0,
    0.0,
    0.0,
    0.0,
    0.0,
    0.0,
    0.0,
    0.0,
    0.0,
    0.0,
    0.0,
    0.0,
    0.0,
    0.0,
    0.0,
    0.0,
    0.0,
    0.0,
    0.0,
    0.0,
    0.0,
    0.0,
    0.0,
    0.0,
    0.0,
    0.0,
    0.0,
    0.0,
    0.0,
    0.0,
    0.0,
    0.0,
    0.0,
    0.0,
    0.0,
    0.0,
    0.0,
    0.0,
    0.0,
    0.0,
    0.0,
    0.0,
    0.0,
    0.0,
    0.0,
    0.0,
    0.0,
    0.0,
    0.0,
    0.0,
    0.0,
    0.0,
    0.0,
    0.0,
    0.0,
    0.0,
    0.0,
    0.0,
    0.0,
    0.0,
    0.0,
    0.0,
    0.0,
    0.0,
    0.0,
    0.0,
    0.0,
    0.0,
    0.0,
    0.0,
    0.0,
    0.0,
    0.0,
    0.0,
    0.0,
    0.0,
    0.0,
    0.0,
    0.0
  ],
  "points_out_r": 0,
  "niche_metrics": {
    "coverage": 0.25874125874125875,
    "empty_ratio": 0.7412587412587412,
    "outside_rate": 0.0,
    "entropy_norm": 0.7432853913552058,
    "gini": 227.06,
    "chi2": 386.20000000000005,
    "avg_active": 1.3513513513513513,
    "max_density": 5.0,
    "std_density": 0.687131885008244,
    "CUS": -58.49104895104895
  },
  "pareto_front": [
    [
      9.562437154870209e-05,
      -1.0643441180539984e-06,
      2.4327362961718497e-05,
      0.999999995131513
    ],
    [
      0.001181134282174906,
      0.7197148191400494,
      0.28648380802388473,
      0.6324051010010493
    ],
    [
      0.008557601955586804,
      0.021032397049113836,
      0.6890834566883663,
      0.7243261664758153
    ],
    [
      0.012428929566228116,
      0.0007569342901219251,
      0.7672765036891459,
      0.6411955362031759
    ],
    [
      0.012887887354931378,
      0.6420321468421729,
      0.5871760192341777,
      0.492801123392654
    ],
    [
      0.014764079984492976,
      0.008153297210752709,
      0.993774728269013,
      0.11012418054475594
    ],
    [
      0.014853797924617607,
      0.008202842934681388,
      0.9998136701916966,
      0.009203420712574318
    ],
    [
      0.015497573082273194,
      0.0009438177613877239,
      0.9567134182290009,
      0.29061722216202823
    ],
    [
      0.01745593325701235,
      0.8695971648018019,
      0.02535969530046955,
      0.492801123392654
    ],
    [
      0.024019819709698333,
      0.5434456925557782,
      0.37813398958680927,
      0.7490690978960799
    ],
    [
      0.02887532868503906,
      0.6533010315927079,
      0.4127795854193663,
      0.6340165544954253
    ],
    [
      0.0320437443061571,
      0.0015918077509305914,
      0.2823637923836708,
      0.9587707511963623
    ],
    [
      0.03298080414962417,
      0.8146812643695699,
      0.567883798851796,
      0.11275945656350082
    ],
    [
      0.0379389030144328,
      0.946244212081081,
      0.2419225215009551,
      0.21131972064087012
    ],
    [
      0.042534865539821644,
      0.33614037497619226,
      0.2358558689253052,
      0.9108086750892657
    ],
    [
      0.04664314941972124,
      0.003062932632494614,
      0.41670429447980806,
      0.9078395045480141
    ],
    [
      0.04713556507187202,
      0.31991472702968626,
      0.6979810920281353,
      0.6389485120931799
    ],
    [
      0.052176772180900215,
      0.0047791549583179405,
      0.5479282767484461,
      0.8348828346912788
    ],
    [
      0.05427536389242988,
      0.8339510987299092,
      0.4263483620483502,
      0.3461312236424364
    ],
    [
      0.054776206757237024,
      0.9810498597770576,
      0.042837009561180306,
      0.1808472571441412
    ],
    [
      0.05517060360757124,
      0.349444412456175,
      0.7650858706491169,
      0.5380412787452444
    ],
    [
      0.0562375595051764,
      0.3307197830386244,
      0.5761464180412376,
      0.7453301731353954
    ],
    [
      0.05640083921797252,
      0.26718150419232517,
      0.005003627478430754,
      0.9619812643004498
    ],
    [
      0.05750765076999572,
      0.8795034957707387,
      0.472404852943097,
      -0.00035488840147382037
    ],
    [
      0.05757601773690505,
      0.4550061213570798,
      0.23556407731113777,
      0.8568337045131327
    ],
    [
      0.06313266874282439,
      0.3712682892534552,
      0.6467859074541499,
      0.6632059359286023
    ],
    [
      0.06496190139334511,
      0.3855006487257249,
      0.5400482702623609,
      0.7453301731353954
    ],
    [
      0.06564653651843613,
      0.44555090787003787,
      0.8880526810610657,
      0.09239781598918782
    ],
    [
      0.07690473044332763,
      0.48064890843358615,
      0.12037173519122674,
      0.865201094904586
    ],
    [
      0.0778720587090876,
      0.4703194343650138,
      0.8187447770960187,
      0.31998837808422453
    ],
    [
      0.07902444499676183,
      0.19422187575254915,
      0.9333108751235316,
      0.2914855235655156
    ],
    [
      0.08664899538817294,
      0.7162643176257507,
      0.6871294849619021,
      0.08550116835651607
    ],
    [
      0.08812444416081061,
      0.5507712938857988,
      0.05672777664413918,
      0.8280501334639853
    ],
    [
      0.08947704299184198,
      0.882741281902201,
      0.17113413074978526,
      0.4283395817521539
    ],
    [
      0.09235039141837925,
      0.9325223884031697,
      0.028226827515665756,
      0.34796069683244546
    ],
    [
      0.0923731931302457,
      0.734741493389894,
      0.5424328320996136,
      0.3967225147915142
    ],
    [
      0.09679269203044089,
      0.5692149230815273,
      0.3333293853304156,
      0.7453301731353954
    ],
    [
      0.09733113917736425,
      0.01070937573927229,
      0.8729124534064223,
