{
  "implementation": "nsga3_pymoo_func",
  "elapsed_time": 0.1119680404663086,
  "hv_elapsed_time": 0.2574629783630371,
  "count_elapsed_time": 0.0016028881072998047,
  "analyze_elapsed_time": 0.0003857612609863281,
  "gd_elapsed_time": 0.002384662628173828,
  "igd_elapsed_time": 0.005025386810302734,
  "worst_point": [
    1.0977098082175447,
    1.08769456549528,
    1.083497820734079,
    1.0901467452994125
  ],
  "delta": 0.1,
  "hypervolume": 73.40696111066478,
  "gd": 0.09242019044785452,
  "igd": 0.1377835210300692,
  "points_per_niche": [
    0.0,
    0.0,
    0.0,
    1.0,
    0.0,
    0.0,
    0.0,
    0.0,
    0.0,
    0.0,
    0.0,
    1.0,
    0.0,
    0.0,
    0.0,
    1.0,
    0.0,
    1.0,
    1.0,
    0.0,
    0.0,
    0.0,
    0.0,
    0.0,
    1.0,
    1.0,
    0.0,
    0.0,
    0.0,
    0.0,
    1.0,
    0.0,
    0.0,
    0.0,
    0.0,
    0.0,
    0.0,
    0.0,
    1.0,
    0.0,
    1.0,
    0.0,
    1.0,
    0.0,
    0.0,
    1.0,
    1.0,
    0.0,
    0.0,
    1.0,
    1.0,
    2.0,
    0.0,
    0.0,
    0.0,
    1.0,
    0.0,
    0.0,
    0.0,
    0.0,
    0.0,
    0.0,
    0.0,
    1.0,
    0.0,
    0.0,
    0.0,
    1.0,
    0.0,
    0.0,
    1.0,
    0.0,
    0.0,
    0.0,
    1.0,
    0.0,
    1.0,
    0.0,
    2.0,
    0.0,
    0.0,
    0.0,
    1.0,
    1.0,
    0.0,
    0.0,
    0.0,
    1.0,
    1.0,
    0.0,
    1.0,
    0.0,
    2.0,
    0.0,
    0.0,
    0.0,
    1.0,
    1.0,
    0.0,
    0.0,
    0.0,
    2.0,
    0.0,
    0.0,
    0.0,
    0.0,
    1.0,
    0.0,
    1.0,
    0.0,
    1.0,
    2.0,
    0.0,
    1.0,
    0.0,
    2.0,
    0.0,
    1.0,
    0.0,
    0.0,
    0.0,
    0.0,
    0.0,
    0.0,
    1.0,
    0.0,
    1.0,
    0.0,
    1.0,
    0.0,
    0.0,
    0.0,
    1.0,
    0.0,
    0.0,
    1.0,
    0.0,
    0.0,
    0.0,
    1.0,
    1.0,
    1.0,
    0.0,
    1.0,
    0.0,
    0.0,
    0.0,
    0.0,
    1.0,
    0.0,
    1.0,
    0.0,
    1.0,
    1.0,
    1.0,
    1.0,
    1.0,
    1.0,
    0.0,
    0.0,
    0.0,
    0.0,
    0.0,
    0.0,
    0.0,
    1.0,
    1.0,
    0.0,
    1.0,
    0.0,
    0.0,
    1.0,
    1.0,
    1.0,
    0.0,
    0.0,
    0.0,
    0.0,
    0.0,
    0.0,
    0.0,
    0.0,
    0.0,
    0.0,
    0.0,
    1.0,
    0.0,
    1.0,
    0.0,
    1.0,
    0.0,
    1.0,
    1.0,
    1.0,
    0.0,
    0.0,
    0.0,
    1.0,
    0.0,
    0.0,
    0.0,
    2.0,
    1.0,
    0.0,
    0.0,
    0.0,
    0.0,
    1.0,
    0.0,
    0.0,
    1.0,
    0.0,
    0.0,
    0.0,
    0.0,
    0.0,
    1.0,
    0.0,
    1.0,
    0.0,
    0.0,
    0.0,
    0.0,
    0.0,
    2.0,
    0.0,
    0.0,
    2.0,
    0.0,
    0.0,
    0.0,
    0.0,
    1.0,
    0.0,
    0.0,
    1.0,
    1.0,
    0.0,
    1.0,
    0.0,
    1.0,
    1.0,
    0.0,
    0.0,
    0.0,
    0.0,
    1.0,
    0.0,
    0.0,
    0.0,
    2.0,
    0.0,
    1.0,
    1.0,
    1.0,
    1.0,
    0.0,
    0.0,
    0.0,
    0.0,
    1.0,
    0.0,
    2.0,
    1.0,
    0.0,
    0.0,
    1.0,
    1.0,
    1.0,
    0.0,
    1.0,
    1.0,
    0.0,
    0.0,
    0.0,
    0.0,
    1.0,
    0.0,
    1.0,
    1.0,
    0.0,
    1.0,
    2.0,
    0.0,
    2.0,
    1.0
  ],
  "points_out_r": 4,
  "niche_metrics": {
    "coverage": 0.36363636363636365,
    "empty_ratio": 0.6363636363636364,
    "outside_rate": 0.03305785123966942,
    "entropy_norm": 0.8147361916598486,
    "gini": 192.11111111111111,
    "chi2": 232.5555555555555,
    "avg_active": 1.125,
    "max_density": 2.0,
    "std_density": 0.5767535245658872,
    "CUS": -67.19759579263712
  },
  "pareto_front": [
    [
      0.8545694976394156,
      0.20758268651235576,
      0.2569380995202818,
      0.40075330938064097
    ],
    [
      0.5495726069553943,
      0.7156157198167764,
      0.140388188468138,
      0.4076214515626029
    ],
    [
      0.86187963001581,
      0.00033215064266117257,
      0.48903797679913946,
      0.1341836438913665
    ],
    [
      0.9367910078332353,
      0.0,
      0.14575545857994232,
      0.3180848219216724
    ],
    [
      0.9104367147078404,
      0.3933177518603887,
      0.0,
      0.12808643403375788
    ],
    [
      0.5438967895832084,
      0.6880903232112949,
      -0.06998513683035358,
      0.47519477060137294
    ],
    [
      0.9636465063366009,
      -0.021172882514802253,
      0.26082203899102696,
      -0.053934996503580496
    ],
    [
      0.053356822228845316,
      0.6567615972712261,
      0.7520480788953764,
      0.015522271134118472
    ],
    [
      0.0159028789961397,
      0.8399048371301638,
      0.011273558595242315,
      0.5423835081209484
    ],
    [
      0.3842972721584281,
      0.09559284238723785,
      0.2730275676708448,
      0.8767174929175657
    ],
    [
      0.4483886524615756,
      0.2907517257288975,
      0.6604714588157117,
      0.5274357803744508
    ],
    [
      0.40192639895958254,
      0.012471301261926401,
      0.915129307763115,
      0.02894799711929338
    ],
    [
      0.1568689284275838,
      0.8612542138185311,
      0.044883015024962454,
      0.4812679434951746
    ],
    [
      0.9623576054965488,
      -0.002272499617914678,
      0.2540873256027973,
      0.0964484621777532
    ],
    [
      0.10821549583229209,
      0.08929796957291515,
      0.9410948759991362,
      0.3076616866951366
    ],
    [
      0.14090179226024416,
      0.8905489433040958,
      0.012352350076203899,
      0.4323386218757286
    ],
    [
      0.12726651264196143,
      0.019049534290543943,
      0.9834978207340791,
      0.12717069872649212
    ],
    [
      -0.008302024388155962,
      0.22186729713839218,
      0.6800064123396143,
      0.6987826972876254
    ],
    [
      0.9262275679653595,
      0.2239204196092381,
      0.3021116701452372,
      -0.026280730299090446
    ],
    [
      4.173864685962623e-17,
      0.6816438321430521,
      0.0,
      0.7316841436722095
    ],
    [
      0.7008468735896648,
      0.1265822794632723,
      0.0670322927916491,
      0.6987826972876254
    ],
    [
      0.9739159984556596,
      -0.0030159031386236966,
      -0.040071442212046,
      0.2233222151945943
    ],
    [
      0.020176974738926965,
      0.17433043671764012,
      0.9217287898768208,
      0.34585810159143743
    ],
    [
      0.9237175236734126,
      0.21673827261544054,
      0.0,
      0.315864619168297
    ],
    [
      0.17144622969857587,
      0.44847139721871276,
      0.3397572607297567,
      0.8087302393136112
    ],
    [
      0.5927542660421937,
      0.2752735895193364,
      0.7479772348694171,
      0.1157449226489917
    ],
    [
      -0.02606333772135134,
      0.32348356650356314,
      0.051842596760434366,
      0.9444529791313555
    ],
    [
      0.4092947456054239,
      0.7639995555526213,
      0.29021806629395636,
      0.4056549818895181
    ],
    [
      0.5391606459529434,
      0.5439672736132525,
      0.059119586766218146,
      0.6402423584502678
    ],
    [
      0.9582502662005769,
      0.21853543542696038,
      0.0925079973347364,
      0.15950222950914802
    ],
    [
      0.6962527387229339,
      0.6999989941498247,
      0.006437256116587949,
      0.15872017434383418
    ],
    [
      0.32987303432253934,
      0.8447889137592705,
      0.19514701034108867,
      0.3734074407014514
    ],
    [
      0.4647494829662409,
      0.017084139408093606,
      0.8805865482914199,
      0.0910130827491265
    ],
    [
      0.3182525112359036,
      0.564727788660667,
      0.7603160335548523,
      0.04144143971787767
    ],
    [
      0.13243767814041785,
      0.2622740325579539,
      0.8941900803825119,
      0.3377820205399946
    ],
    [
      0.12923762515350878,
      0.7642953240317379,
      0.6252107834766957,
      0.09089427997601462
    ],
    [
      0.19298373828488846,
      0.9805557719912255,
      0.03330285638801195,
      0.012592637876189522
    ],
    [
      0.7336529106936779,
      0.6054005001070747,
      0.02424721923647448,
      0.3076616866951366
    ],
    [
