{
  "parameters": {
    "pop_size": 100,
    "num_gen": 16,
    "bounds": [
      [
        0.0,
        1.0
      ],
      [
        0.0,
        1.0
      ],
      [
        0.0,
        1.0
      ]
    ],
    "num_obj": 4,
    "divisions": 10,
    "radius_ref": 0.15,
    "num_loops": 100
  },
  "results": {
    "nsga3_func": {
      "mean_elapsed_time": 0.6829334378242493,
      "mean_hv_elapsed_time": 0.1492101740837097,
      "mean_count_elapsed_time": 0.0013247489929199218,
      "mean_analyze_elapsed_time": 0.00032532691955566406,
      "mean_hypervolume": 29.135493696167178,
      "mean_gd": 0.0884069729258454,
      "mean_igd": 0.23840038562491203,
      "coverage": 0.27951048951048946,
      "empty_ratio": 0.7204895104895104,
      "outside_rate": 0.019799999999999998,
      "entropy_norm": 0.7619863310675111,
      "gini": 218.43406938775507,
      "chi2": 317.10608163265306,
      "avg_active": 1.226263513513513,
      "max_density": 4.01,
      "std_density": 0.6164166921654552,
      "CUS": -59.56952587412589
    },
    "nsga3_deap_func": {
      "mean_elapsed_time": 0.1238303804397583,
      "mean_hv_elapsed_time": 0.14936367750167848,
      "mean_count_elapsed_time": 0.0013437104225158692,
      "mean_analyze_elapsed_time": 0.00045948028564453126,
      "mean_hypervolume": 8.4303066176818,
      "mean_gd": 0.08095320116172912,
      "mean_igd": 0.21555822339999992,
      "coverage": 0.19888111888111892,
      "empty_ratio": 0.8011188811188812,
      "outside_rate": 0.009899999999999999,
      "entropy_norm": 0.6733578311292447,
      "gini": 247.73711111111115,
      "chi2": 746.8873333333331,
      "avg_active": 1.739473684210526,
      "max_density": 9.96,
      "std_density": 0.9503453576114134,
      "CUS": -48.581734265734276
    },
    "nsga3_pymoo_func": {
      "mean_elapsed_time": 0.11427282333374024,
      "mean_hv_elapsed_time": 0.26166994094848633,
      "mean_count_elapsed_time": 0.0016239523887634278,
      "mean_analyze_elapsed_time": 0.0003857612609863281,
      "mean_hypervolume": 73.40696111066478,
      "mean_gd": 0.09242019044785449,
      "mean_igd": 0.13778352103006916,
      "coverage": 0.3636363636363638,
      "empty_ratio": 0.6363636363636364,
      "outside_rate": 0.033057851239669415,
      "entropy_norm": 0.8147361916598486,
      "gini": 192.11111111111106,
      "chi2": 232.5555555555555,
      "avg_active": 1.125,
      "max_density": 2.0,
      "std_density": 0.5767535245658874,
      "CUS": -67.19759579263712
    }
  }
}