{
  "implementation": "nsga3_deap_func",
  "elapsed_time": 0.1255326271057129,
  "hv_elapsed_time": 0.035695791244506836,
  "count_elapsed_time": 0.0008335113525390625,
  "analyze_elapsed_time": 0.00036144256591796875,
  "gd_elapsed_time": 0.0013196468353271484,
  "igd_elapsed_time": 0.004544734954833984,
  "worst_point": [
    1.2050221476799696,
    0.7011856355359283,
    0.9062179257625861,
    1.2523599001886077
  ],
  "delta": 0.1,
  "hypervolume": 3.0417707100428153,
  "gd": 0.0862221136417855,
  "igd": 0.2727512286164176,
  "points_per_niche": [
    3.0,
    1.0,
    1.0,
    0.0,
    0.0,
    0.0,
    0.0,
    0.0,
    0.0,
    0.0,
    0.0,
    0.0,
    0.0,
    1.0,
    3.0,
    2.0,
    0.0,
    0.0,
    0.0,
    0.0,
    0.0,
    0.0,
    0.0,
    0.0,
    0.0,
    0.0,
    0.0,
    0.0,
    0.0,
    0.0,
    0.0,
    0.0,
    0.0,
    0.0,
    0.0,
    0.0,
    0.0,
    0.0,
    0.0,
    0.0,
    0.0,
    0.0,
    0.0,
    0.0,
    0.0,
    0.0,
    0.0,
    0.0,
    0.0,
    0.0,
    0.0,
    0.0,
    0.0,
    0.0,
    0.0,
    0.0,
    0.0,
    0.0,
    0.0,
    0.0,
    0.0,
    0.0,
    0.0,
    0.0,
    0.0,
    0.0,
    0.0,
    0.0,
    0.0,
    0.0,
    0.0,
    0.0,
    0.0,
    0.0,
    0.0,
    0.0,
    0.0,
    0.0,
    0.0,
    1.0,
    0.0,
    0.0,
    0.0,
    0.0,
    0.0,
    0.0,
    0.0,
    1.0,
    5.0,
    1.0,
    0.0,
    0.0,
    0.0,
    0.0,
    1.0,
    0.0,
    0.0,
    0.0,
    0.0,
    0.0,
    0.0,
    0.0,
    0.0,
    0.0,
    0.0,
    0.0,
    0.0,
    0.0,
    0.0,
    0.0,
    0.0,
    0.0,
    0.0,
    0.0,
    0.0,
    0.0,
    0.0,
    0.0,
    0.0,
    0.0,
    0.0,
    0.0,
    0.0,
    0.0,
    0.0,
    0.0,
    0.0,
    0.0,
    0.0,
    0.0,
    0.0,
    0.0,
    0.0,
    1.0,
    0.0,
    0.0,
    0.0,
    0.0,
    0.0,
    0.0,
    2.0,
    3.0,
    0.0,
    0.0,
    0.0,
    0.0,
    0.0,
    1.0,
    0.0,
    0.0,
    0.0,
    0.0,
    0.0,
    0.0,
    0.0,
    0.0,
    0.0,
    0.0,
    0.0,
    0.0,
    0.0,
    0.0,
    0.0,
    0.0,
    0.0,
    0.0,
    0.0,
    0.0,
    0.0,
    0.0,
    0.0,
    0.0,
    0.0,
    0.0,
    0.0,
    0.0,
    0.0,
    0.0,
    0.0,
    0.0,
    0.0,
    0.0,
    0.0,
    1.0,
    1.0,
    1.0,
    0.0,
    0.0,
    1.0,
    0.0,
    0.0,
    0.0,
    0.0,
    0.0,
    0.0,
    0.0,
    0.0,
    0.0,
    0.0,
    0.0,
    0.0,
    0.0,
    0.0,
    0.0,
    0.0,
    0.0,
    0.0,
    0.0,
    0.0,
    0.0,
    0.0,
    1.0,
    1.0,
    0.0,
    0.0,
    0.0,
    2.0,
    0.0,
    0.0,
    0.0,
    0.0,
    2.0,
    0.0,
    0.0,
    0.0,
    0.0,
    0.0,
    0.0,
    0.0,
    0.0,
    0.0,
    1.0,
    0.0,
    1.0,
    0.0,
    0.0,
    0.0,
    0.0,
    4.0,
    0.0,
    0.0,
    0.0,
    0.0,
    0.0,
    0.0,
    0.0,
    0.0,
    0.0,
    0.0,
    0.0,
    0.0,
    0.0,
    0.0,
    1.0,
    0.0,
    0.0,
    0.0,
    0.0,
    1.0,
    0.0,
    0.0,
    0.0,
    0.0,
    0.0,
    0.0,
    0.0,
    0.0,
    0.0,
    1.0,
    0.0,
    2.0,
    1.0,
    1.0,
    0.0,
    1.0,
    0.0,
    0.0,
    0.0,
    0.0,
    0.0,
    0.0,
    1.0,
    0.0,
    0.0,
    0.0,
    1.0
  ],
  "points_out_r": 7,
  "niche_metrics": {
    "coverage": 0.12237762237762238,
    "empty_ratio": 0.8776223776223776,
    "outside_rate": 0.11666666666666667,
    "entropy_norm": 0.6005123383626573,
    "gini": 260.4339622641509,
    "chi2": 556.7735849056605,
    "avg_active": 1.5142857142857142,
    "max_density": 5.0,
    "std_density": 0.600635798559838,
    "CUS": -28.044871794871792
  },
  "pareto_front": [
    [
      -1.2088575383586449e-05,
      -0.00013871932191872552,
      0.0028091165093557854,
      1.1523599001886076
    ],
    [
      3.488944143354728e-05,
      0.0012756064462755886,
      0.040150907748573,
      1.0093718302062078
    ],
    [
      0.00014177283631363848,
      0.004310521865062577,
      0.07464805567126885,
      0.9974675586498876
    ],
    [
      0.000536449800516903,
      0.002265498714002088,
      0.022904263007375133,
      1.001807227348885
    ],
    [
      0.0121298962742522,
      0.0709364071714215,
      0.2401848693524711,
      0.97857700499544
    ],
    [
      0.0166055292457769,
      0.04560310407155814,
      0.010305388851830357,
      1.0001286386500143
    ],
    [
      0.022424469885827338,
      0.13384672414774898,
      0.7339079202331218,
      0.7371570744562562
    ],
    [
      0.023759621415827787,
      0.10888480100303718,
      0.5387892629575487,
      0.8581742796413704
    ],
    [
      0.026078142695301107,
      0.09318587882378015,
      0.47368280889383124,
      0.8937111320681369
    ],
    [
      0.027703200836823257,
      0.10546831135896281,
      0.49915222272981,
      0.8844688820538095
    ],
    [
      0.03667302843146396,
      0.0991664913056323,
      0.2442300991975926,
      0.9651808315431111
    ],
    [
      0.07376796000361437,
      0.18994753933885392,
      0.5617199417160061,
      0.8116168912347961
    ],
    [
      0.10649236524070196,
      0.19926690192691715,
      0.5189933727030484,
      0.8556260171210914
    ],
    [
      0.111020589918786,
      0.2697895729782838,
      0.5472709184169525,
      0.7844720466155523
    ],
    [
      0.1634256506749041,
      0.3182989201248604,
      0.5240936494950438,
      0.7811283166578864
    ],
    [
      0.17778494467635692,
      0.3172744530732532,
      0.509933410991476,
      0.8432686951954278
    ],
    [
      0.17834601347431822,
      0.2967997615479989,
      0.3970635016023916,
      0.8889288817297768
    ],
    [
      0.1887194416886377,
      0.29179746453658667,
      0.7718018246700125,
      0.5598991707092617
    ],
    [
      0.1984240140351702,
      0.41594693609465044,
      0.20508196867959133,
      0.8858106148369603
    ],
    [
      0.25398082152079393,
      0.31389576409021985,
      0.6421736583531424,
      0.7478045640511379
    ],
    [
      0.26545035862585786,
      0.3912306945554375,
      0.5961220185725393,
      0.6500200760337693
    ],
    [
      0.3073842715206261,
      0.20502290908779777,
      0.4908971718015382,
      0.8351370610134858
    ],
    [
      0.3499890379323542,
      0.38024336074449044,
      0.5303486717409237,
      0.7480327374861002
    ],
    [
      0.38689438570304435,
      0.34779931712363993,
      0.5691011525506713,
      0.7363529450552172
    ],
    [
      0.4112344556873815,
      0.3594133203168824,
      0.5637505678968525,
      0.6639010721071577
    ],
    [
      0.4131892223690171,
      0.34273882502733893,
      0.5956459810250165,
      0.6207866842707199
    ],
    [
      0.4307471387448032,
      0.33161517624052594,
      0.617250291737658,
      0.5692982096794464
    ],
    [
      0.4679763398739775,
      0.46917096605727227,
      0.40124515561151175,
      0.739321437338639
    ],
    [
      0.47936554144692006,
      0.31645256766340407,
      0.42480708902082537,
      0.7782655740097562
    ],
    [
      0.49235276753764734,
      0.3199727026416545,
      0.8062179257625861,
      0.23596828476392456
    ],
    [
      0.49949045494064215,
      0.6011856355359283,
      0.39703594486419075,
      0.5608561599335626
    ],
    [
      0.5733865021009953,
      0.5359876485371935,
      0.3253015448362027,
      0.5797146575787827
    ],
    [
      0.5842358422822244,
      0.3693769484775181,
      0.42516599136686073,
      0.599024488870418
    ],
    [
      0.6242447278355482,
      0.5376810548336421,
      0.544452233102108,
      0.4146290162109479
    ],
    [
      0.648712930743796,
      0.45401776614755684,
      0.4780524601291861,
      0.3928514661143458
    ],
    [
      0.6845829796916848,
      0.240950798025867,
      0.5602122830206541,
      0.4386949098776203
    ],
    [
      0.6914824126955309,
      0.2942755868691953,
      0.4689744506629049,
      0.5172851546776147
    ],
    [
      0.6933176501720775,
      0.4039617933051405,
      0.4783398022522915,
