{
  "implementation": "nsga3_func",
  "elapsed_time": 0.7171132564544678,
  "hv_elapsed_time": 0.15553927421569824,
  "count_elapsed_time": 0.0013742446899414062,
  "analyze_elapsed_time": 0.00078582763671875,
  "gd_elapsed_time": 0.0021440982818603516,
  "igd_elapsed_time": 0.005102872848510742,
  "worst_point": [
    0.9122833261655002,
    1.107603775928174,
    1.2125553818466417,
    1.1009644954067166
  ],
  "delta": 0.1,
  "hypervolume": 62.463938979681345,
  "gd": 0.09240468750230063,
  "igd": 0.15594349034159322,
  "points_per_niche": [
    1.0,
    0.0,
    0.0,
    0.0,
    1.0,
    1.0,
    0.0,
    1.0,
    1.0,
    0.0,
    2.0,
    0.0,
    0.0,
    0.0,
    0.0,
    0.0,
    0.0,
    0.0,
    0.0,
    1.0,
    1.0,
    0.0,
    0.0,
    0.0,
    0.0,
    0.0,
    0.0,
    0.0,
    0.0,
    0.0,
    1.0,
    0.0,
    1.0,
    1.0,
    0.0,
    0.0,
    0.0,
    0.0,
    1.0,
    0.0,
    0.0,
    0.0,
    0.0,
    0.0,
    1.0,
    1.0,
    0.0,
    0.0,
    0.0,
    0.0,
    0.0,
    1.0,
    0.0,
    0.0,
    0.0,
    0.0,
    0.0,
    0.0,
    0.0,
    0.0,
    0.0,
    0.0,
    0.0,
    0.0,
    0.0,
    0.0,
    0.0,
    0.0,
    0.0,
    0.0,
    0.0,
    1.0,
    0.0,
    0.0,
    1.0,
    0.0,
    0.0,
    0.0,
    1.0,
    0.0,
    0.0,
    1.0,
    0.0,
    0.0,
    0.0,
    0.0,
    0.0,
    0.0,
    0.0,
    1.0,
    1.0,
    1.0,
    0.0,
    0.0,
    1.0,
    0.0,
    0.0,
    0.0,
    0.0,
    1.0,
    0.0,
    0.0,
    2.0,
    2.0,
    0.0,
    1.0,
    0.0,
    0.0,
    0.0,
    1.0,
    1.0,
    0.0,
    0.0,
    0.0,
    1.0,
    1.0,
    0.0,
    0.0,
    0.0,
    0.0,
    1.0,
    0.0,
    0.0,
    0.0,
    0.0,
    2.0,
    1.0,
    0.0,
    1.0,
    0.0,
    0.0,
    0.0,
    1.0,
    0.0,
    0.0,
    0.0,
    0.0,
    1.0,
    0.0,
    0.0,
    0.0,
    1.0,
    0.0,
    0.0,
    0.0,
    1.0,
    0.0,
    2.0,
    0.0,
    2.0,
    1.0,
    0.0,
    0.0,
    0.0,
    0.0,
    1.0,
    0.0,
    0.0,
    0.0,
    1.0,
    1.0,
    0.0,
    0.0,
    1.0,
    1.0,
    0.0,
    1.0,
    3.0,
    1.0,
    0.0,
    1.0,
    1.0,
    0.0,
    1.0,
    0.0,
    0.0,
    0.0,
    0.0,
    0.0,
    0.0,
    0.0,
    0.0,
    0.0,
    2.0,
    1.0,
    1.0,
    0.0,
    1.0,
    0.0,
    3.0,
    0.0,
    0.0,
    2.0,
    0.0,
    1.0,
    1.0,
    0.0,
    1.0,
    0.0,
    0.0,
    0.0,
    2.0,
    2.0,
    0.0,
    0.0,
    1.0,
    0.0,
    0.0,
    1.0,
    0.0,
    0.0,
    2.0,
    0.0,
    1.0,
    0.0,
    1.0,
    0.0,
    0.0,
    1.0,
    0.0,
    1.0,
    0.0,
    1.0,
    2.0,
    1.0,
    0.0,
    0.0,
    1.0,
    0.0,
    1.0,
    0.0,
    0.0,
    1.0,
    1.0,
    0.0,
    1.0,
    0.0,
    0.0,
    0.0,
    0.0,
    0.0,
    0.0,
    0.0,
    0.0,
    0.0,
    0.0,
    0.0,
    0.0,
    0.0,
    0.0,
    0.0,
    0.0,
    0.0,
    0.0,
    0.0,
    0.0,
    0.0,
    0.0,
    0.0,
    0.0,
    0.0,
    0.0,
    0.0,
    0.0,
    0.0,
    0.0,
    0.0,
    0.0,
    0.0,
    0.0,
    0.0,
    0.0,
    0.0,
    0.0,
    0.0,
    0.0,
    0.0,
    0.0,
    0.0,
    0.0,
    0.0,
    0.0,
    0.0,
    0.0,
    0.0,
    0.0
  ],
  "points_out_r": 5,
  "niche_metrics": {
    "coverage": 0.2762237762237762,
    "empty_ratio": 0.7237762237762237,
    "outside_rate": 0.05,
    "entropy_norm": 0.7619141133487262,
    "gini": 218.2,
    "chi2": 299.378947368421,
    "avg_active": 1.2025316455696202,
    "max_density": 3.0,
    "std_density": 0.5896664220683427,
    "CUS": -56.99601398601397
  },
  "pareto_front": [
    [
      0.01388913196207528,
      0.40804950452095606,
      0.04796755859461977,
      0.9225547896192677
    ],
    [
      0.015022379352526071,
      0.035615909533964506,
      1.00869911617551,
      -0.01852557892294926
    ],
    [
      0.018933063346505838,
      0.5562354176416967,
      0.05283145204644279,
      0.8412372998868674
    ],
    [
      0.01946165249411639,
      0.022526711836970668,
      0.9750370537649765,
      0.2626785431370727
    ],
    [
      0.03426560214707866,
      0.003955113032196418,
      0.6877089788606796,
      0.8624339647027762
    ],
    [
      0.036112717958713854,
      0.1550406689311723,
      0.9905316119154794,
      0.10994489985029456
    ],
    [
      0.03631699935298338,
      0.15591769857081197,
      0.9961348229222353,
      -0.02585834526848722
    ],
    [
      0.0417429592888493,
      0.0045226754861539716,
      0.8371240590558005,
      0.7031911767974549
    ],
    [
      0.042068044931517855,
      0.711053869457287,
      0.04339596634217178,
      0.7175586601683859
    ],
    [
      0.047172316953683055,
      0.001196413770001336,
      0.047995319958609915,
      1.0009644954067165
    ],
    [
      0.047567492553959076,
      0.8501142234645358,
      0.02312709718416406,
      0.5400217514403068
    ],
    [
      0.04822905028373392,
      0.011710352327880008,
      0.9895093384313691,
      0.48425392476543444
    ],
    [
      0.051158170410195096,
      0.5551361200118673,
      0.8407642449969954,
      -0.030078344719141652
    ],
    [
      0.0523543013119449,
      0.003351741347126281,
      1.1125553818466416,
      -0.003282662248039109
    ],
    [
      0.06002244822077318,
      1.007603775928174,
      -0.026540255675456988,
      0.019551657663075716
    ],
    [
      0.06374900332000007,
      0.20978519518567235,
      0.36573322684825266,
      0.9442954420804502
    ],
    [
      0.08183060634615537,
      0.6691336872433724,
      0.768090114615658,
      -0.012736430408020097
    ],
    [
      0.08607425504117094,
      0.483018992370459,
      0.5774703027836849,
      0.6820668980997712
    ],
    [
      0.10412951268662168,
      0.3795771857269268,
      0.692799263584301,
      0.6045178594719716
    ],
    [
      0.11780556413800936,
      0.06096864948466282,
      0.7976324449155651,
      0.5886109248702318
    ],
    [
      0.11817965840571898,
      0.43079335522114326,
      0.7862783393650264,
      0.42726044031953736
    ],
    [
      0.12593138794861633,
      0.489025515791914,
      0.30908146903118894,
      0.8246669944700243
    ],
    [
      0.13001456057419122,
      0.43668976321174613,
      0.9501976736502438,
      -0.06715412237527578
    ],
    [
      0.1318046217606913,
      0.5077499664071153,
      0.25798166923873983,
      0.8142510069727252
    ],
    [
      0.14677740748739668,
      0.3781823855281311,
      0.9395513884668605,
      0.1865640898457366
    ],
    [
      0.15582646427468524,
      0.8744443007099869,
      0.5018677871981264,
      -0.0029576040335810147
    ],
    [
      0.15892975471380758,
      -0.009160197416417317,
      0.9905480034676316,
      0.10979330263795874
    ],
    [
      0.15961321365022552,
      0.9703401266759355,
      0.05684384307823777,
      0.21013679109605865
    ],
    [
      0.16169364251306592,
      0.6618076375218808,
      0.6415993386263609,
      0.364028604090106
    ],
    [
      0.16367301380369811,
      0.6699091498464985,
      0.5440289599563269,
      0.48231492613737104
    ],
    [
      0.16517929507821635,
      0.39686580119191783,
      0.8624710594783237,
      0.28625469725485614
    ],
    [
      0.17634504287929315,
      0.7709151730532565,
      0.6263245191785497,
      -0.029871576990279168
    ],
    [
      0.1805443668503998,
      0.7389631344565177,
      0.37476865288363526,
      0.5366486009077368
    ],
    [
      0.1935830480651255,
      0.7517351430069666,
      0.2702793280367767,
      0.5958025167276594
    ],
    [
      0.20648727413175696,
      0.8249900838892475,
      0.48498309591386946,
      0.20606791549162343
    ],
    [
      0.22389750380426157,
      0.26018979552160376,
      0.791379400254422,
      0.5066433551975882
    ],
    [
      0.26119566696185204,
      0.952121196301202,
      -0.07689383147438267,
      0.1652182377836129
    ],
    [
      0.26466907808735646,
      0.4170968160755434,
      0.8694876161433804,
