{
  "implementation": "nsga3_deap_func",
  "elapsed_time": 0.08434557914733887,
  "hv_elapsed_time": 0.004593610763549805,
  "count_elapsed_time": 0.0007507801055908203,
  "analyze_elapsed_time": 0.00017380714416503906,
  "gd_elapsed_time": 0.0020415782928466797,
  "igd_elapsed_time": 0.005028724670410156,
  "worst_point": [
    1.0995868729588443,
    1.0980962247995876,
    1.0996928526242111
  ],
  "delta": 0.1,
  "hypervolume": 2.91495282086796,
  "gd": 0.027102802268996598,
  "igd": 0.06731804279472176,
  "points_per_niche": [
    2.0,
    4.0,
    5.0,
    3.0,
    0.0,
    2.0,
    2.0,
    0.0,
    0.0,
    0.0,
    0.0,
    1.0,
    2.0,
    2.0,
    1.0,
    4.0,
    3.0,
    1.0,
    3.0,
    0.0,
    1.0,
    0.0,
    3.0,
    2.0,
    3.0,
    3.0,
    3.0,
    1.0,
    2.0,
    1.0,
    0.0,
    3.0,
    4.0,
    3.0,
    3.0,
    4.0,
    3.0,
    0.0,
    0.0,
    3.0,
    3.0,
    4.0,
    1.0,
    0.0,
    0.0,
    0.0,
    3.0,
    0.0,
    2.0,
    1.0,
    0.0,
    0.0,
    0.0,
    0.0,
    2.0,
    1.0,
    0.0,
    0.0,
    1.0,
    2.0,
    1.0,
    1.0,
    0.0,
    0.0,
    0.0,
    1.0
  ],
  "points_out_r": 0,
  "niche_metrics": {
    "coverage": 0.6515151515151515,
    "empty_ratio": 0.3484848484848485,
    "outside_rate": 0.0,
    "entropy_norm": 0.8705712153803071,
    "gini": 34.14,
    "chi2": 87.44,
    "avg_active": 2.3255813953488373,
    "max_density": 5.0,
    "std_density": 1.416808451825571,
    "CUS": -21.59121212121212
  },
  "pareto_front": [
    [
      0.36949075537043863,
      0.49511306705282476,
      0.786345746176151
    ],
    [
      0.012939979956372234,
      0.47419159646786296,
      0.8803265796044034
    ],
    [
      0.02619349765107705,
      0.7307931513153397,
      0.6820962327057656
    ],
    [
      0.7220515545634223,
      0.671475581620542,
      0.1666196142112324
    ],
    [
      0.48183145595636684,
      0.3212110164025275,
      0.8152680117560255
    ],
    [
      0.285349370010914,
      0.14735578178305783,
      0.9470279882925733
    ],
    [
      0.12818942213318504,
      0.03334134346798125,
      0.9911890974324274
    ],
    [
      0.7483971481204488,
      0.16600741521965814,
      0.6421395851193625
    ],
    [
      0.23695899347920174,
      0.9498178880974404,
      0.2041970001235127
    ],
    [
      0.9034617140147606,
      0.4251490626768177,
      0.05481975751984182
    ],
    [
      0.06167597620476988,
      0.9980962247995875,
      0.0
    ],
    [
      0.47511482852259324,
      0.5566159813372095,
      0.681501686746234
    ],
    [
      0.09392994097684239,
      0.2403274223106577,
      0.9661365826184214
    ],
    [
      0.020377229283560023,
      0.07854370671649523,
      0.9967023902158348
    ],
    [
      0.6791188627464377,
      0.6963658962682265,
      0.2321036595500695
    ],
    [
      0.400984177868643,
      0.9059669509025075,
      0.1357776600601954
    ],
    [
      0.7895102935145818,
      0.6137371029643853,
      0.0005146643588948046
    ],
    [
      -0.012152189551480053,
      -0.021599182882048117,
      0.9996928526242111
    ],
    [
      0.6630019236867342,
      0.38134937325309953,
      0.6442057937547271
    ],
    [
      0.29356080084160907,
      0.6601847556161512,
      0.6913596348220482
    ],
    [
      0.11837095615911072,
      0.4997223517873818,
      0.8580593731566983
    ],
    [
      0.32339866464302414,
      0.33119807123011646,
      0.8864091275029604
    ],
    [
      0.2892240059080409,
      0.9493104159747662,
      0.1231227376576798
    ],
    [
      0.9995868729588443,
      0.01613043334486778,
      0.023788495716754465
    ],
    [
      0.42963460378956275,
      0.09488523679747718,
      0.8980038413417128
    ],
    [
      0.958326266945729,
      0.02076543390724813,
      0.2849202745269406
    ],
    [
      0.11716799051396527,
      0.7511233166392639,
      0.6496810180386614
    ],
    [
      0.33138533665459674,
      0.7989833345958124,
      0.5018061275915986
    ],
    [
      0.974794290063697,
      0.13031242777841498,
      0.1810932445612154
    ],
    [
      0.7014725454606991,
      0.4706655448765411,
      0.5351730681106402
    ],
    [
      0.9138736779568827,
      0.4021077962636123,
      -0.056073353043858416
    ],
    [
      0.09804842333130565,
      0.11329167850124683,
      0.9887120421359372
    ],
    [
      0.009862288825191622,
      0.8611132810859737,
      0.5083174720550899
    ],
    [
      0.8437797550112253,
      0.4159651755338859,
      0.3391293230852506
    ],
    [
      0.48533931121580237,
      0.6929214175691412,
      0.5332032089762236
    ],
    [
      0.6260560954466164,
      0.1350455423531158,
      0.7679950955863519
    ],
    [
      0.04917817753036017,
      0.3437052460199548,
      0.9377890011687889
    ],
    [
      0.14943345568547806,
      0.5743251635338225,
      0.8048728153278283
    ],
    [
      0.005489263463518389,
      0.20446184845161441,
      0.9788591423255836
    ],
    [
      0.12381210838599574,
      0.927969914968374,
      0.35148598653517216
    ],
    [
      0.5293154814650382,
      0.8021015959944668,
      0.27651067029061277
    ],
    [
      0.10384145231019663,
      0.9625455164766675,
      0.25044576557165976
    ],
    [
      0.6414855773393375,
      0.5944905930026185,
      0.4848475934734663
    ],
    [
      0.14632978123923043,
      0.9326693037485372,
      0.3297204345619148
    ],
    [
      0.018181092006180642,
      0.1277978206265782,
      0.9916335840100212
    ],
    [
      0.4553853485273859,
      0.8201991571715711,
      0.346262222775797
    ],
    [
      0.17180991369665444,
      0.17461511650554729,
      0.9695312860569804
    ],
    [
      0.7779527439789489,
      0.05340355623612537,
      0.6260491900138192
    ],
    [
      0.7799712295524655,
      0.48494579974008956,
      0.3955659899243871
    ],
    [
      0.25791661251820686,
      0.7152600060377127,
      0.6495245528462064
    ],
    [
      0.04838129690836288,
      0.2631220330462386,
      0.9635486733087638
    ],
    [
      0.214579824956828,
      0.14766258774682053,
      0.9654798076093615
    ],
    [
      0.04297491372101124,
      0.44890704386236596,
      0.8925444654253498
    ],
    [
      0.5534397399441511,
      0.3627636065932704,
      0.7497379675473248
    ],
    [
      0.044429292993116154,
      0.7518177000302778,
      0.657872467766599
    ],
    [
      0.250306212582232,
      0.33473295513173956,
      0.9084605928115491
    ],
    [
      0.3486152675488711,
      0.5336219266107631,
      0.7705290615363228
    ],
    [
      0.07388591084129492,
      0.2122640241510008,
      0.9744151354686439
    ],
    [
      0.49526745148057827,
      0.5869576153988975,
      0.64046148145628
    ],
    [
      0.47172257706352677,
      0.06588616409627637,
      0.8792819932588314
    ],
    [
      0.9246041249712104,
      0.34574802272481087,
      0.15989220390033454
    ],
    [
      0.8366800396128236,
      0.5330319494311075,
      0.12587077579468986
    ],
    [
      0.056470640551898016,
      0.7919265870324147,
      0.6079994634100014
    ],
    [
      0.00695378647452713,
      0.030408937910688653,
      0.9995133522613945
    ],
    [
      0.367837437448232,
      0.8742870817245557,
      0.31672972443564246
    ],
    [
      0.3041876898169507,
      0.9523814892253831,
      0.020960637983326168
    ],
    [
      0.7321801003457618,
      0.24534024017980494,
      0.6353900118873336
    ],
    [
      0.3941219825268015,
      0.7663287487956235,
      0.5073540299026684
    ],
    [
      0.23889958404857714,
      0.5598988953186277,
      0.793372684028381
    ],
    [
      0.5424675768583519,
      0.6492493602203077,
      0.5331080531289593
    ],
    [
      0.5151726352997311,
      0.8510690378552689,
      0.10138367049203362
    ],
    [
      0.6924812175281072,
