{
  "parameters": {
    "pop_size": 100,
    "num_gen": 16,
    "bounds": [
      [
        0.0,
        1.0
      ],
      [
        0.0,
        1.0
      ]
    ],
    "num_obj": 3,
    "divisions": 10,
    "radius_ref": 0.15,
    "num_loops": 100
  },
  "results": {
    "nsga3_func": {
      "mean_elapsed_time": 0.6419646310806274,
      "mean_hv_elapsed_time": 0.004324259757995605,
      "mean_count_elapsed_time": 0.0007962775230407715,
      "mean_analyze_elapsed_time": 0.0001478910446166992,
      "mean_hypervolume": 2.499453910853412,
      "mean_gd": 0.04937978698797894,
      "mean_igd": 0.0783636094370193,
      "coverage": 0.7124242424242425,
      "empty_ratio": 0.2875757575757577,
      "outside_rate": 0.07999999999999999,
      "entropy_norm": 0.8712710076309955,
      "gini": 34.07239130434782,
      "chi2": 105.78478260869564,
      "avg_active": 1.9566478506296139,
      "max_density": 7.98,
      "std_density": 1.4946406437424116,
      "CUS": -21.67624545454545
    },
    "nsga3_deap_func": {
      "mean_elapsed_time": 0.0776779842376709,
      "mean_hv_elapsed_time": 0.004610435962677002,
      "mean_count_elapsed_time": 0.0008009052276611328,
      "mean_analyze_elapsed_time": 0.0001315784454345703,
      "mean_hypervolume": 1.9247862356116416,
      "mean_gd": 0.02593101981624555,
      "mean_igd": 0.0785081152785738,
      "coverage": 0.6215151515151516,
      "empty_ratio": 0.3784848484848484,
      "outside_rate": 0.0,
      "entropy_norm": 0.8261528323400799,
      "gini": 40.57499999999999,
      "chi2": 161.92760000000007,
      "avg_active": 2.4378899602949513,
      "max_density": 8.96,
      "std_density": 1.9273591361385587,
      "CUS": -24.59451212121212
    },
    "nsga3_pymoo_func": {
      "mean_elapsed_time": 0.13825888872146608,
      "mean_hv_elapsed_time": 0.001273956298828125,
      "mean_count_elapsed_time": 0.0004101848602294922,
      "mean_analyze_elapsed_time": 0.00012996912002563476,
      "mean_hypervolume": 1.934488251125358,
      "mean_gd": 0.053298034637636035,
      "mean_igd": 0.0901632995748068,
      "coverage": 0.6515151515151514,
      "empty_ratio": 0.3484848484848487,
      "outside_rate": 0.04166666666666668,
      "entropy_norm": 0.8922527331855616,
      "gini": 25.60869565217392,
      "chi2": 28.60869565217392,
      "avg_active": 1.069767441860465,
      "max_density": 2.0,
      "std_density": 0.5496471862793046,
      "CUS": -15.364898989898995
    }
  }
}