{
  "implementation": "nsga3_func",
  "elapsed_time": 0.6802880764007568,
  "hv_elapsed_time": 0.0002334117889404297,
  "count_elapsed_time": 0.0013275146484375,
  "analyze_elapsed_time": 0.0005681514739990234,
  "gd_elapsed_time": 0.002053976058959961,
  "igd_elapsed_time": 0.00479578971862793,
  "worst_point": [
    0.5792094575266437,
    1.0931614245091175,
    1.0975545484470381,
    1.099996587779953
  ],
  "delta": 0.1,
  "hypervolume": 0.41498021350506786,
  "gd": 0.07999559652413159,
  "igd": 0.21252776849946278,
  "points_per_niche": [
    1.0,
    0.0,
    1.0,
    0.0,
    1.0,
    0.0,
    1.0,
    0.0,
    0.0,
    0.0,
    1.0,
    0.0,
    0.0,
    0.0,
    0.0,
    0.0,
    0.0,
    0.0,
    0.0,
    0.0,
    0.0,
    0.0,
    0.0,
    0.0,
    0.0,
    0.0,
    0.0,
    0.0,
    0.0,
    0.0,
    0.0,
    0.0,
    0.0,
    0.0,
    0.0,
    1.0,
    0.0,
    0.0,
    0.0,
    0.0,
    0.0,
    0.0,
    1.0,
    0.0,
    1.0,
    0.0,
    0.0,
    0.0,
    1.0,
    0.0,
    0.0,
    0.0,
    0.0,
    0.0,
    0.0,
    0.0,
    0.0,
    1.0,
    1.0,
    0.0,
    0.0,
    0.0,
    0.0,
    0.0,
    1.0,
    0.0,
    0.0,
    0.0,
    0.0,
    1.0,
    0.0,
    0.0,
    1.0,
    1.0,
    1.0,
    1.0,
    0.0,
    0.0,
    1.0,
    0.0,
    0.0,
    0.0,
    0.0,
    0.0,
    0.0,
    2.0,
    1.0,
    2.0,
    0.0,
    0.0,
    0.0,
    0.0,
    0.0,
    0.0,
    1.0,
    2.0,
    1.0,
    0.0,
    0.0,
    0.0,
    2.0,
    0.0,
    2.0,
    1.0,
    0.0,
    0.0,
    1.0,
    1.0,
    0.0,
    0.0,
    0.0,
    1.0,
    2.0,
    0.0,
    1.0,
    0.0,
    0.0,
    0.0,
    0.0,
    1.0,
    1.0,
    0.0,
    2.0,
    0.0,
    1.0,
    1.0,
    3.0,
    0.0,
    0.0,
    0.0,
    0.0,
    0.0,
    1.0,
    1.0,
    0.0,
    1.0,
    2.0,
    0.0,
    1.0,
    2.0,
    2.0,
    4.0,
    1.0,
    2.0,
    0.0,
    3.0,
    0.0,
    1.0,
    3.0,
    0.0,
    1.0,
    2.0,
    1.0,
    2.0,
    2.0,
    0.0,
    2.0,
    2.0,
    0.0,
    0.0,
    1.0,
    1.0,
    1.0,
    1.0,
    0.0,
    0.0,
    1.0,
    1.0,
    0.0,
    0.0,
    0.0,
    1.0,
    0.0,
    1.0,
    0.0,
    1.0,
    0.0,
    0.0,
    0.0,
    0.0,
    0.0,
    0.0,
    0.0,
    0.0,
    0.0,
    0.0,
    0.0,
    0.0,
    0.0,
    0.0,
    0.0,
    1.0,
    1.0,
    0.0,
    0.0,
    1.0,
    1.0,
    0.0,
    1.0,
    0.0,
    0.0,
    0.0,
    0.0,
    0.0,
    0.0,
    0.0,
    0.0,
    0.0,
    0.0,
    0.0,
    0.0,
    0.0,
    0.0,
    0.0,
    0.0,
    0.0,
    0.0,
    0.0,
    0.0,
    0.0,
    0.0,
    0.0,
    0.0,
    0.0,
    0.0,
    0.0,
    0.0,
    0.0,
    0.0,
    0.0,
    0.0,
    0.0,
    0.0,
    0.0,
    0.0,
    0.0,
    0.0,
    0.0,
    0.0,
    0.0,
    0.0,
    0.0,
    0.0,
    0.0,
    0.0,
    0.0,
    0.0,
    0.0,
    0.0,
    0.0,
    0.0,
    0.0,
    0.0,
    0.0,
    0.0,
    0.0,
    0.0,
    0.0,
    0.0,
    0.0,
    0.0,
    0.0,
    0.0,
    0.0,
    0.0,
    0.0,
    0.0,
    0.0,
    0.0,
    0.0,
    0.0,
    0.0,
    0.0,
    0.0,
    0.0,
    0.0,
    0.0,
    0.0,
    0.0,
    0.0,
    0.0,
    0.0,
    0.0,
    0.0,
    0.0,
    0.0
  ],
  "points_out_r": 3,
  "niche_metrics": {
    "coverage": 0.2517482517482518,
    "empty_ratio": 0.7482517482517482,
    "outside_rate": 0.03,
    "entropy_norm": 0.7402669824688424,
    "gini": 228.2577319587629,
    "chi2": 371.80412371134025,
    "avg_active": 1.3472222222222223,
    "max_density": 4.0,
    "std_density": 0.6640135398647917,
    "CUS": -55.495384615384616
  },
  "pareto_front": [
    [
      0.0013475245731180941,
      0.0014609590353720872,
      0.0016953479503097528,
      0.9999965877799529
    ],
    [
      0.002528085912232371,
      0.9931614245091175,
      0.06389938073366183,
      -0.09767734020997622
    ],
    [
      0.005961082654159118,
      0.0006331888165336552,
      0.23975634965326786,
      0.9708145844425973
    ],
    [
      0.022574110995433445,
      0.531604192481999,
      0.8442043521530311,
      0.06485679497329905
    ],
    [
      0.02962103703601636,
      0.9612151824283849,
      0.17921953235441795,
      0.2075290978555573
    ],
    [
      0.04116954146325611,
      0.9695132999415027,
      0.22448293579967904,
      0.08919888803679168
    ],
    [
      0.048165335687783216,
      0.041680551654009364,
      0.5639956542456405,
      0.8233175171487198
    ],
    [
      0.054218840398273474,
      0.044085362547306904,
      0.9975545484470381,
      0.001311879401807419
    ],
    [
      0.05541926304858469,
      0.008987618778575584,
      0.8442517431023809,
      0.5329980508974064
    ],
    [
      0.06257029532249354,
      0.5576398157352205,
      0.7743086616482516,
      0.2925216069738073
    ],
    [
      0.06282335899024329,
      0.008202997062132926,
      0.952721629961327,
      0.2971656645849482
    ],
    [
      0.06526663559900593,
      0.007638709499526864,
      0.988142148524857,
      0.1387696317767251
    ],
    [
      0.06930140982565322,
      0.004351123452388718,
      0.47305335347446287,
      0.8782931783222752
    ],
    [
      0.070454384147597,
      0.6279044967154029,
      0.7177765893454738,
      0.2925216069738073
    ],
    [
      0.09462830313578414,
      0.8433476180989894,
      0.4407282481823292,
      0.2925216069738073
    ],
    [
      0.09860105978587685,
      0.5232568016781747,
      0.6068368269404011,
      0.5901094949037299
    ],
    [
      0.10032747940991157,
      0.8712977067727917,
      0.4724412891689936,
      0.08702833639721978
    ],
    [
      0.10410022099480995,
      0.9040622206477765,
      0.14497408545168997,
      0.3883518504316527
    ],
    [
      0.1159173892302415,
      0.8625266432197696,
      0.19301900422726634,
      0.4531606918270774
    ],
    [
      0.11675737718363326,
      0.8067295114840876,
      0.05350919384615469,
      0.5767945703175255
    ],
    [
      0.11747557308115594,
      0.7365106424332287,
      0.41265608637586937,
      0.5229402620651787
    ],
    [
      0.12089567351370249,
      0.6385615598941312,
      0.6142264785727116,
      0.4476038464662792
    ],
    [
      0.12989093099323223,
      0.33937540822621076,
      -0.023610746359403422,
      0.9313405451247981
    ],
    [
      0.13113880096250885,
      0.9682103205908854,
      -0.16335322920481923,
      0.1367008137933643
    ],
    [
      0.13648413194173362,
      0.7208985868599486,
      0.505109691937536,
      0.45446837987060035
    ],
    [
      0.13906664819550238,
      0.9856643627917131,
      -0.08599484308218254,
      0.04160670913861962
    ],
    [
      0.14060215568770035,
      0.6901112170391959,
      0.04522292843992289,
      0.7084718968850983
    ],
    [
      0.16476359799480556,
      0.047048753343042767,
      0.984354955152412,
      0.04104502225075105
    ],
    [
      0.1663574743038916,
      0.8786872615379464,
      0.04458192266789243,
      0.44524862641608304
    ],
    [
      0.18050486324265674,
      0.4073233675849684,
      0.25145429470579767,
      0.859230124145447
    ],
    [
      0.18462678181614134,
      0.2437097429068334,
      0.3176224532529063,
      0.8975714399634747
    ],
    [
      0.19323358286376752,
      0.9727815252353792,
      0.1277668781584139,
      0.005701882146628161
    ],
    [
      0.20126535645644714,
      0.4541710472355609,
      0.12224773987445661,
      0.859230124145447
    ],
    [
      0.20649640309558084,
      0.22101719081338078,
      -0.02882401275772419,
      0.9527223169224555
    ],
    [
      0.20723552107884932,
      0.3769423015548352,
      0.3888545751352329,
      0.8147147104957164
    ],
    [
      0.20994925872121362,
      0.5485510126801413,
      0.0,
      0.809328793043967
    ],
    [
      0.21140275049901805,
      0.9059541851218728,
      0.24061177895712008,
      0.27687878822456513
    ],
    [
      0.21496742823742918,
      0.5421211094886199,
      0.32914884597562666,
