{
  "implementation": "nsga3_deap_func",
  "elapsed_time": 0.1297764778137207,
  "hv_elapsed_time": 0.0002856254577636719,
  "count_elapsed_time": 0.0011997222900390625,
  "analyze_elapsed_time": 0.00036072731018066406,
  "gd_elapsed_time": 0.0020089149475097656,
  "igd_elapsed_time": 0.004889249801635742,
  "worst_point": [
    1.0479528744361726,
    0.9997005241447883,
    1.0897473277829006,
    1.0999996920171917
  ],
  "delta": 0.1,
  "hypervolume": 0.7196949827634092,
  "gd": 0.07603469817045867,
  "igd": 0.16216649306890588,
  "points_per_niche": [
    3.0,
    7.0,
    2.0,
    0.0,
    2.0,
    0.0,
    2.0,
    0.0,
    1.0,
    1.0,
    0.0,
    2.0,
    0.0,
    2.0,
    4.0,
    0.0,
    0.0,
    0.0,
    0.0,
    0.0,
    0.0,
    0.0,
    0.0,
    1.0,
    0.0,
    0.0,
    0.0,
    0.0,
    0.0,
    0.0,
    0.0,
    0.0,
    0.0,
    0.0,
    1.0,
    2.0,
    0.0,
    0.0,
    0.0,
    0.0,
    1.0,
    0.0,
    0.0,
    0.0,
    0.0,
    0.0,
    0.0,
    0.0,
    0.0,
    0.0,
    0.0,
    0.0,
    0.0,
    0.0,
    0.0,
    0.0,
    0.0,
    0.0,
    0.0,
    0.0,
    0.0,
    0.0,
    0.0,
    0.0,
    0.0,
    0.0,
    1.0,
    0.0,
    0.0,
    1.0,
    0.0,
    1.0,
    0.0,
    0.0,
    0.0,
    0.0,
    1.0,
    2.0,
    3.0,
    1.0,
    3.0,
    0.0,
    0.0,
    0.0,
    0.0,
    0.0,
    1.0,
    0.0,
    2.0,
    1.0,
    0.0,
    1.0,
    0.0,
    0.0,
    0.0,
    0.0,
    1.0,
    0.0,
    1.0,
    0.0,
    0.0,
    0.0,
    0.0,
    0.0,
    0.0,
    0.0,
    0.0,
    0.0,
    1.0,
    0.0,
    0.0,
    0.0,
    0.0,
    0.0,
    0.0,
    0.0,
    0.0,
    0.0,
    0.0,
    0.0,
    0.0,
    0.0,
    0.0,
    0.0,
    0.0,
    1.0,
    0.0,
    1.0,
    0.0,
    0.0,
    0.0,
    0.0,
    3.0,
    4.0,
    0.0,
    0.0,
    0.0,
    0.0,
    0.0,
    2.0,
    3.0,
    1.0,
    0.0,
    0.0,
    0.0,
    0.0,
    0.0,
    1.0,
    0.0,
    0.0,
    0.0,
    0.0,
    0.0,
    0.0,
    0.0,
    0.0,
    1.0,
    1.0,
    1.0,
    0.0,
    0.0,
    0.0,
    0.0,
    0.0,
    0.0,
    0.0,
    0.0,
    0.0,
    1.0,
    0.0,
    0.0,
    0.0,
    0.0,
    0.0,
    0.0,
    1.0,
    0.0,
    0.0,
    1.0,
    0.0,
    0.0,
    1.0,
    1.0,
    1.0,
    0.0,
    0.0,
    0.0,
    0.0,
    0.0,
    1.0,
    0.0,
    0.0,
    0.0,
    0.0,
    0.0,
    0.0,
    0.0,
    0.0,
    1.0,
    0.0,
    0.0,
    0.0,
    0.0,
    0.0,
    1.0,
    1.0,
    0.0,
    0.0,
    0.0,
    0.0,
    1.0,
    0.0,
    2.0,
    0.0,
    0.0,
    0.0,
    0.0,
    1.0,
    0.0,
    0.0,
    0.0,
    1.0,
    0.0,
    0.0,
    0.0,
    0.0,
    0.0,
    1.0,
    0.0,
    0.0,
    0.0,
    0.0,
    1.0,
    0.0,
    1.0,
    0.0,
    0.0,
    0.0,
    0.0,
    1.0,
    1.0,
    0.0,
    2.0,
    0.0,
    1.0,
    0.0,
    0.0,
    0.0,
    0.0,
    0.0,
    0.0,
    0.0,
    1.0,
    1.0,
    0.0,
    0.0,
    1.0,
    0.0,
    0.0,
    0.0,
    0.0,
    0.0,
    1.0,
    0.0,
    0.0,
    0.0,
    0.0,
    0.0,
    1.0,
    0.0,
    0.0,
    0.0,
    0.0,
    0.0,
    0.0,
    0.0,
    0.0,
    0.0,
    0.0,
    0.0,
    0.0,
    0.0,
    0.0,
    0.0,
    0.0,
    0.0
  ],
  "points_out_r": 1,
  "niche_metrics": {
    "coverage": 0.23076923076923078,
    "empty_ratio": 0.7692307692307693,
    "outside_rate": 0.01,
    "entropy_norm": 0.7116377599793721,
    "gini": 237.5858585858586,
    "chi2": 527.8888888888889,
    "avg_active": 1.5,
    "max_density": 7.0,
    "std_density": 0.7993239478047421,
    "CUS": -54.05076923076924
  },
  "pareto_front": [
    [
      0.9126672348320048,
      0.3212728818046077,
      0.25241373577684845,
      0.010467085183561832
    ],
    [
      0.2931230230164848,
      0.8534343472738298,
      0.1913204527650266,
      0.38616731169889884
    ],
    [
      0.05726552822885978,
      0.5198245549282772,
      0.7596586722364275,
      0.3865511519401751
    ],
    [
      0.23562043973085794,
      0.10363557788072819,
      0.67679571806425,
      0.6897030023048044
    ],
    [
      0.032078339811679527,
      0.3163428428251901,
      0.26603653498551494,
      0.9100124987938926
    ],
    [
      0.17443083307740395,
      0.3643787523514248,
      0.6994223818467413,
      0.5895848887807192
    ],
    [
      0.6970851020082692,
      0.6283816331856857,
      0.13558164078693957,
      0.3175318918070002
    ],
    [
      0.44775113829101026,
      0.8191393579775134,
      0.3336612191222434,
      0.13114808891154295
    ],
    [
      0.7828704856834935,
      0.0969583456920118,
      0.3865207722253615,
      0.47782274379174294
    ],
    [
      0.13069810982761706,
      0.19407618041166422,
      0.3282165843040372,
      0.9151646376866286
    ],
    [
      0.31467103558075193,
      0.0177902302276715,
      0.6476829042203895,
      0.6936659878180745
    ],
    [
      0.2717444259516897,
      0.09749012317700682,
      0.36088575547075863,
      0.8867988015020196
    ],
    [
      0.012728807271708886,
      0.024812917870855728,
      0.9814188922828346,
      0.18984007596529165
    ],
    [
      0.007112950846362277,
      0.09058105976849724,
      0.06026295344250727,
      0.9940386581938649
    ],
    [
      0.5539533252084762,
      0.3645737415023231,
      0.14288840916552306,
      0.7347139600032218
    ],
    [
      0.09640768956431338,
      0.08376892157566643,
      0.4781183649294445,
      0.8689598116645645
    ],
    [
      0.6869691383072168,
      0.0,
      0.3542405538852006,
      0.6344974649252324
    ],
    [
      0.22235547071663786,
      0.11790565770920261,
      0.7484542078173677,
      0.6135736299116995
    ],
    [
      0.8604691651234461,
      0.17549694229158116,
      -0.032334494539242156,
      0.4772296298229574
    ],
    [
      0.6656766793336863,
      0.3176977126278642,
      0.3348459274606835,
      0.586362453475062
    ],
    [
      0.3476547537496755,
      0.2976897100950962,
      0.20282780320169744,
      0.8656661544424176
    ],
    [
      0.37949994385115343,
      0.8211025980322137,
      -0.04699060650771359,
      0.4237478011999087
    ],
    [
      0.1883886228697983,
      0.10523321338411844,
      -0.00428432515148804,
      0.9764309203072534
    ],
    [
      0.09354145763397015,
      0.10240980422236724,
      0.09342186502618918,
      0.9859181420573805
    ],
    [
      0.5147949649186347,
      0.6585634482036711,
      0.3495741367680788,
      0.4231763836597745
    ],
    [
      0.1517166078054285,
      0.5397190144540934,
      0.6384774635301929,
      0.5272873836123592
    ],
    [
      0.12381358388496366,
      0.3704962363341257,
      0.5404011895660549,
      0.7452310310389668
    ],
    [
      0.10286493051826538,
      0.22389474491499117,
      0.21844605407916168,
      0.9442305177901038
    ],
    [
      0.14542251891069777,
      0.09086813762167963,
      0.33263295091901357,
      0.9273352104399705
    ],
    [
      0.4756741427812826,
      0.3529177142792229,
      -0.019353872331887685,
      0.80548657621526
    ],
    [
      0.7465543156535923,
      0.4554955835210811,
      0.36894405445717426,
      0.3147391171311373
    ],
    [
      0.5010148676443079,
      -0.008138888074268193,
      0.42043157967081496,
      0.756409378389622
    ],
    [
      0.8370804256462308,
      0.397613568057606,
      0.17445168650747347,
      0.33281589591112215
    ],
    [
      0.5103636451422665,
      0.7700796673733995,
      0.3764232062470636,
      0.06936732237771276
    ],
    [
      0.664289825335333,
      0.7380059449081077,
      0.013743480774994904,
      0.11780224943705962
    ],
    [
      -3.868494730613543e-06,
      -0.00034709856559070286,
      -0.0007038985311666808,
      0.9999996920171917
    ],
    [
      0.7358757467398497,
      0.12708522645817885,
      0.5997727020244898,
      0.2874177038430036
    ],
    [
      0.0040796417149714555,
      0.0009822181565474672,
      0.07178032022095984,
      0.9974116388933643
