{
  "implementation": "nsga3_deap_func",
  "elapsed_time": 0.12041425704956055,
  "hv_elapsed_time": 0.00014662742614746094,
  "count_elapsed_time": 0.0012938976287841797,
  "analyze_elapsed_time": 0.0003464221954345703,
  "gd_elapsed_time": 0.0020182132720947266,
  "igd_elapsed_time": 0.004871368408203125,
  "worst_point": [
    1.097873389506245,
    0.7495173113778111,
    1.0986069436101495,
    1.1
  ],
  "delta": 0.1,
  "hypervolume": 0.5314436966604099,
  "gd": 0.08008357228534614,
  "igd": 0.20288421884053762,
  "points_per_niche": [
    3.0,
    10.0,
    5.0,
    0.0,
    2.0,
    0.0,
    0.0,
    0.0,
    0.0,
    1.0,
    1.0,
    1.0,
    3.0,
    3.0,
    3.0,
    0.0,
    1.0,
    0.0,
    1.0,
    1.0,
    0.0,
    0.0,
    0.0,
    1.0,
    2.0,
    1.0,
    0.0,
    0.0,
    0.0,
    0.0,
    0.0,
    0.0,
    0.0,
    0.0,
    0.0,
    0.0,
    0.0,
    0.0,
    0.0,
    0.0,
    0.0,
    0.0,
    0.0,
    0.0,
    0.0,
    0.0,
    0.0,
    0.0,
    0.0,
    0.0,
    0.0,
    0.0,
    0.0,
    0.0,
    0.0,
    0.0,
    0.0,
    0.0,
    0.0,
    0.0,
    0.0,
    0.0,
    0.0,
    0.0,
    0.0,
    0.0,
    0.0,
    0.0,
    0.0,
    1.0,
    0.0,
    0.0,
    0.0,
    0.0,
    0.0,
    0.0,
    0.0,
    1.0,
    2.0,
    3.0,
    1.0,
    1.0,
    0.0,
    0.0,
    0.0,
    0.0,
    0.0,
    1.0,
    1.0,
    1.0,
    1.0,
    0.0,
    0.0,
    0.0,
    0.0,
    1.0,
    0.0,
    0.0,
    0.0,
    0.0,
    0.0,
    0.0,
    0.0,
    0.0,
    0.0,
    0.0,
    0.0,
    0.0,
    0.0,
    0.0,
    0.0,
    0.0,
    0.0,
    0.0,
    0.0,
    0.0,
    0.0,
    0.0,
    0.0,
    0.0,
    0.0,
    0.0,
    0.0,
    1.0,
    0.0,
    0.0,
    0.0,
    0.0,
    0.0,
    0.0,
    0.0,
    0.0,
    1.0,
    3.0,
    1.0,
    0.0,
    0.0,
    0.0,
    1.0,
    1.0,
    2.0,
    4.0,
    1.0,
    0.0,
    0.0,
    0.0,
    1.0,
    0.0,
    0.0,
    0.0,
    0.0,
    0.0,
    1.0,
    0.0,
    0.0,
    0.0,
    0.0,
    0.0,
    0.0,
    0.0,
    0.0,
    0.0,
    0.0,
    0.0,
    0.0,
    0.0,
    0.0,
    0.0,
    0.0,
    0.0,
    0.0,
    0.0,
    0.0,
    0.0,
    0.0,
    0.0,
    2.0,
    0.0,
    0.0,
    0.0,
    0.0,
    0.0,
    0.0,
    4.0,
    1.0,
    0.0,
    0.0,
    0.0,
    0.0,
    1.0,
    0.0,
    0.0,
    0.0,
    0.0,
    0.0,
    1.0,
    0.0,
    0.0,
    0.0,
    0.0,
    0.0,
    0.0,
    0.0,
    0.0,
    0.0,
    0.0,
    0.0,
    1.0,
    0.0,
    1.0,
    0.0,
    1.0,
    0.0,
    0.0,
    1.0,
    0.0,
    0.0,
    2.0,
    0.0,
    0.0,
    0.0,
    3.0,
    1.0,
    0.0,
    0.0,
    0.0,
    0.0,
    0.0,
    0.0,
    0.0,
    0.0,
    0.0,
    0.0,
    0.0,
    0.0,
    0.0,
    0.0,
    0.0,
    0.0,
    0.0,
    0.0,
    0.0,
    2.0,
    2.0,
    0.0,
    0.0,
    0.0,
    0.0,
    0.0,
    0.0,
    0.0,
    0.0,
    0.0,
    0.0,
    0.0,
    0.0,
    0.0,
    0.0,
    0.0,
    0.0,
    0.0,
    0.0,
    2.0,
    0.0,
    0.0,
    0.0,
    0.0,
    1.0,
    0.0,
    0.0,
    0.0,
    1.0,
    0.0,
    0.0,
    0.0,
    0.0,
    0.0,
    0.0,
    0.0,
    0.0,
    0.0,
    0.0,
    0.0,
    1.0,
    0.0,
    1.0
  ],
  "points_out_r": 1,
  "niche_metrics": {
    "coverage": 0.1993006993006993,
    "empty_ratio": 0.8006993006993007,
    "outside_rate": 0.01,
    "entropy_norm": 0.6736504161451178,
    "gini": 247.66666666666669,
    "chi2": 747.4444444444446,
    "avg_active": 1.736842105263158,
    "max_density": 10.0,
    "std_density": 0.9511325035285166,
    "CUS": -48.66923076923077
  },
  "pareto_front": [
    [
      5.583859443739463e-17,
      2.1758049488969016e-17,
      1.2571320946757416e-17,
      1.0
    ],
    [
      0.7138611080672559,
      0.48230810230203375,
      0.28239175045297776,
      0.421943256989496
    ],
    [
      0.12143598714885381,
      0.23374050512106204,
      0.8724585327001316,
      0.41162456924929486
    ],
    [
      0.6789506673720676,
      0.42896223175730086,
      0.4164776511156142,
      0.42610299356146336
    ],
    [
      0.036925743108368034,
      0.021562637716809472,
      0.5282078569790974,
      0.8480377361745983
    ],
    [
      0.03388909821699633,
      0.14465831071882473,
      0.9664904468837213,
      0.20933637582732567
    ],
    [
      0.13521275761765167,
      0.08118628267211948,
      0.36808655567927606,
      0.9163179498468204
    ],
    [
      0.16117420092662776,
      0.37181287282677744,
      0.309153022773124,
      0.8603502037346199
    ],
    [
      0.05448824475091297,
      0.29513421663111744,
      0.4684449112602114,
      0.8309549870311351
    ],
    [
      0.49927388876209916,
      0.38107446833420106,
      0.45976217168257066,
      0.6277950135784
    ],
    [
      0.05293410633417721,
      0.2716262839056927,
      0.27239372122013483,
      0.9215306847403583
    ],
    [
      0.7497912897191881,
      0.513495179124888,
      0.12204879116929072,
      0.3990486379513788
    ],
    [
      0.00031597448657876356,
      0.014025094858587443,
      0.23402607460269098,
      0.9721291031958601
    ],
    [
      0.9962837663681235,
      0.037990782977371185,
      0.07696139103758753,
      0.007231982416474846
    ],
    [
      0.9978733895062448,
      -0.0029776649022233287,
      0.041742664718612266,
      0.04997381283470088
    ],
    [
      0.18675516163156167,
      0.20126060623142944,
      0.07263986107458084,
      0.9588222611967206
    ],
    [
      0.4416811491048222,
      0.12746114857291813,
      0.41359877232579595,
      0.7858800631524576
    ],
    [
      0.750873164575037,
      0.28143734123760306,
      0.45558924658534605,
      0.3865500641236202
    ],
    [
      0.03127872430202139,
      0.060958750770477035,
      0.031801264099267264,
      0.9971430949027474
    ],
    [
      0.21766859913066625,
      0.3999101737695274,
      0.6754156656773007,
      0.580091296629943
    ],
    [
      0.6002879511699478,
      -0.04874596493687129,
      0.7576432695636767,
      0.25150523387679596
    ],
    [
      0.37110933429685855,
      0.33246866715090717,
      -0.013235082478695395,
      0.8669298010522097
    ],
    [
      0.4004297448025435,
      0.6117656663556189,
      0.1848668030868214,
      0.6566757602213544
    ],
    [
      0.005485212928809873,
      0.04892019611261321,
      0.9986069436101496,
      0.018997342577967063
    ],
    [
      0.6504809625025543,
      0.2849091407098652,
      0.4216594487654632,
      0.563830300913779
    ],
    [
      0.3769423435837049,
      0.11902485546492683,
      0.510833348248274,
      0.7634113201365533
    ],
    [
      0.18840493688250073,
      0.5490359473677475,
      0.405072516967844,
      0.7063847140571748
    ],
    [
      0.9082291104665587,
      0.27142358412273426,
      0.31665581601848264,
      0.03432513750535362
    ],
    [
      0.0006595349720037557,
      0.0024314388716317036,
      0.11074819373840927,
      0.9938453052172225
    ],
    [
      0.8615922520132411,
      0.3097002041369087,
      0.34517702100821723,
      0.20639137335703173
    ],
    [
      0.5511758813009675,
      0.20933913654511044,
      0.8077018470838416,
      0.0
    ],
    [
      0.1540472758707182,
      0.364848465007018,
      0.8820055215229061,
      0.25538460090996074
    ],
    [
      0.366088185280289,
      0.06972830584023457,
      0.7477915274961902,
      0.5494772382617409
    ],
    [
      0.8255824574738774,
      0.3543223507801192,
      0.1775136024540458,
      0.40169416051622
    ],
    [
      0.021985417025591113,
      0.0747430614665647,
      0.5660788484519367,
      0.8206612294583834
    ],
    [
      0.5493774500172658,
      0.6495173113778111,
      0.5198705023298776,
      0.0777582178316029
    ],
    [
      0.9558441099491727,
      0.21923718041060833,
      0.12563434655752445,
      0.1500436841927842
    ],
    [
      0.6501922124770868,
      0.09636062247428166,
      0.01453353663334837,
      0.7534941894822061
    ],
