{
  "implementation": "nsga3_func",
  "elapsed_time": 0.6864171028137207,
  "hv_elapsed_time": 0.00017523765563964844,
  "count_elapsed_time": 0.0012488365173339844,
  "analyze_elapsed_time": 0.00032973289489746094,
  "gd_elapsed_time": 0.0020513534545898438,
  "igd_elapsed_time": 0.004870176315307617,
  "worst_point": [
    0.5692610556949731,
    1.098954883778526,
    1.0999338862236243,
    1.0986122435316368
  ],
  "delta": 0.1,
  "hypervolume": 0.4344657274697072,
  "gd": 0.08146109155303424,
  "igd": 0.23106568566384142,
  "points_per_niche": [
    1.0,
    0.0,
    0.0,
    2.0,
    0.0,
    1.0,
    0.0,
    1.0,
    1.0,
    1.0,
    1.0,
    1.0,
    0.0,
    0.0,
    0.0,
    0.0,
    0.0,
    0.0,
    0.0,
    0.0,
    0.0,
    1.0,
    0.0,
    0.0,
    2.0,
    1.0,
    1.0,
    0.0,
    0.0,
    0.0,
    1.0,
    0.0,
    1.0,
    0.0,
    0.0,
    2.0,
    1.0,
    0.0,
    1.0,
    0.0,
    0.0,
    0.0,
    2.0,
    0.0,
    0.0,
    0.0,
    0.0,
    3.0,
    1.0,
    0.0,
    1.0,
    1.0,
    0.0,
    0.0,
    0.0,
    1.0,
    0.0,
    0.0,
    0.0,
    1.0,
    1.0,
    0.0,
    1.0,
    0.0,
    0.0,
    1.0,
    0.0,
    0.0,
    0.0,
    0.0,
    0.0,
    1.0,
    1.0,
    0.0,
    0.0,
    0.0,
    0.0,
    0.0,
    0.0,
    1.0,
    0.0,
    0.0,
    0.0,
    0.0,
    1.0,
    0.0,
    0.0,
    2.0,
    0.0,
    0.0,
    2.0,
    0.0,
    1.0,
    0.0,
    1.0,
    4.0,
    0.0,
    0.0,
    0.0,
    1.0,
    0.0,
    0.0,
    1.0,
    1.0,
    0.0,
    1.0,
    1.0,
    0.0,
    0.0,
    0.0,
    0.0,
    1.0,
    0.0,
    0.0,
    0.0,
    0.0,
    0.0,
    0.0,
    1.0,
    0.0,
    1.0,
    2.0,
    1.0,
    0.0,
    1.0,
    2.0,
    1.0,
    1.0,
    2.0,
    1.0,
    1.0,
    0.0,
    1.0,
    1.0,
    1.0,
    0.0,
    0.0,
    1.0,
    1.0,
    0.0,
    2.0,
    0.0,
    2.0,
    1.0,
    1.0,
    2.0,
    1.0,
    1.0,
    2.0,
    0.0,
    1.0,
    1.0,
    0.0,
    1.0,
    0.0,
    1.0,
    1.0,
    0.0,
    0.0,
    1.0,
    1.0,
    0.0,
    1.0,
    1.0,
    0.0,
    0.0,
    0.0,
    0.0,
    1.0,
    0.0,
    0.0,
    1.0,
    0.0,
    0.0,
    0.0,
    0.0,
    0.0,
    0.0,
    0.0,
    1.0,
    0.0,
    1.0,
    0.0,
    0.0,
    0.0,
    0.0,
    1.0,
    0.0,
    0.0,
    0.0,
    0.0,
    0.0,
    0.0,
    0.0,
    0.0,
    0.0,
    0.0,
    0.0,
    0.0,
    0.0,
    0.0,
    0.0,
    0.0,
    0.0,
    0.0,
    0.0,
    0.0,
    0.0,
    0.0,
    0.0,
    0.0,
    0.0,
    0.0,
    0.0,
    0.0,
    0.0,
    0.0,
    0.0,
    0.0,
    0.0,
    0.0,
    0.0,
    0.0,
    0.0,
    0.0,
    0.0,
    0.0,
    0.0,
    0.0,
    0.0,
    0.0,
    0.0,
    0.0,
    0.0,
    0.0,
    0.0,
    0.0,
    0.0,
    0.0,
    0.0,
    0.0,
    0.0,
    0.0,
    0.0,
    0.0,
    0.0,
    0.0,
    0.0,
    0.0,
    0.0,
    0.0,
    0.0,
    0.0,
    0.0,
    0.0,
    0.0,
    0.0,
    0.0,
    0.0,
    0.0,
    0.0,
    0.0,
    0.0,
    0.0,
    0.0,
    0.0,
    0.0,
    0.0,
    0.0,
    0.0,
    0.0,
    0.0,
    0.0,
    0.0,
    0.0,
    0.0,
    0.0,
    0.0,
    0.0,
    0.0,
    0.0,
    0.0,
    0.0,
    0.0,
    0.0,
    0.0
  ],
  "points_out_r": 2,
  "niche_metrics": {
    "coverage": 0.27972027972027974,
    "empty_ratio": 0.7202797202797203,
    "outside_rate": 0.02,
    "entropy_norm": 0.7621752294484434,
    "gini": 218.34693877551018,
    "chi2": 316.40816326530614,
    "avg_active": 1.225,
    "max_density": 4.0,
    "std_density": 0.6157023972882556,
    "CUS": -59.58041958041958
  },
  "pareto_front": [
    [
      2.5082863627895545e-05,
      0.9602128681274422,
      0.27903612408768974,
      -0.011405643666201781
    ],
    [
      4.4691081936029836e-05,
      0.7191871993205914,
      0.6441571392383821,
      0.2604445244276302
    ],
    [
      4.47662126834653e-05,
      0.72039623408749,
      0.6934689432131103,
      -0.011405643666201781
    ],
    [
      5.9900248059725226e-05,
      0.9639393313938077,
      -0.05467733991046799,
      0.2604445244276302
    ],
    [
      0.0036677750025999535,
      0.00040692904981691334,
      0.3213144986415966,
      0.9469653503682055
    ],
    [
      0.0047006551649947746,
      0.000558766231577865,
      0.41216987701807406,
      0.9110947174142895
    ],
    [
      0.005987060490796545,
      0.2687616858858804,
      0.5031201127294551,
      0.821341258840416
    ],
    [
      0.011229590678766669,
      0.002404754438265005,
      0.9999338862236242,
      0.0005801991029643226
    ],
    [
      0.014393824328571144,
      0.17228141860753846,
      0.04172538001600219,
      0.9840583942461405
    ],
    [
      0.014462087501816904,
      0.8124129090293575,
      0.5827937051387806,
      -0.011296482556926564
    ],
    [
      0.015978233984305173,
      0.8975829769188083,
      0.43997141972986203,
      0.022685797433693596
    ],
    [
      0.016135253223090913,
      0.7962705580272393,
      -0.008465428370012372,
      0.6046661794287223
    ],
    [
      0.02178799522100218,
      0.3721134721305955,
      0.7962381911506126,
      0.4765098006089305
    ],
    [
      0.03107575572910787,
      0.9989548837785258,
      0.003877232646905474,
      -0.03329271163330737
    ],
    [
      0.0311914211470355,
      0.2847864133708808,
      3.5677242367529246e-06,
      0.9580833961578968
    ],
    [
      0.03139922252917173,
      0.592596004661628,
      0.008946563717429598,
      0.804837886211434
    ],
    [
      0.03555960965527418,
      0.0008644485651200969,
      0.6811324865473306,
      0.7312956328733909
    ],
    [
      0.03603271108572457,
      0.3011506334309514,
      0.575924305777668,
      0.7591581743816374
    ],
    [
      0.03749680092080982,
      0.8011236777297472,
      0.31646728599981994,
      0.5065997431832919
    ],
    [
      0.03976588022951076,
      0.8496028310496809,
      0.3415983363499653,
      0.3998803331559025
    ],
    [
      0.04371213060432975,
      0.022072138732471602,
      0.9675164269876554,
      0.24802022868880175
    ],
    [
      0.04497528975578031,
      0.7661709829782741,
      0.3905564827761284,
      0.5083550746427427
    ],
    [
      0.04537684919666499,
      0.020702150901805435,
      0.9854479123639801,
      0.16249546000579623
    ],
    [
      0.04558491064694907,
      0.4162030048512405,
      5.214074401377309e-06,
      0.9081283360004363
    ],
    [
      0.04772818030339017,
      0.0024330596347774615,
      0.9151341556488154,
      0.40030685503832003
    ],
    [
      0.04855474279612659,
      0.020393000686592815,
      0.00038670881768520924,
      0.9986122435316367
    ],
    [
      0.05398554990017384,
      0.5128466360888372,
      0.7539311565790914,
      0.40701560092170064
    ],
    [
      0.05613641757067683,
      0.5332792379893347,
      0.7839689380496786,
      0.3128172967166367
    ],
    [
      0.06493698267876565,
      0.5427238994112938,
      0.35343008298377326,
      0.7591581743816374
    ],
    [
      0.06735752124718762,
      0.8817815581025785,
      -0.036699746499846454,
      0.4653787454627365
    ],
    [
      0.06793156427271387,
      0.28615754207828403,
      0.955753894957161,
      -0.005801375818995561
    ],
    [
      0.07112413740036565,
      0.678405741987787,
      0.5976816572956728,
      0.4212880758452012
    ],
    [
      0.0733603341441985,
      0.30771419706087655,
      0.8621944961352122,
      0.39566511741064453
    ],
    [
      0.07846168145681028,
      0.3303995497797986,
      0.7183706681220445,
      0.6071437105250813
    ],
    [
      0.07905876500425142,
      0.7510347076345641,
      0.5204937162269343,
      0.39847568429270935
    ],
    [
      0.08038581086764893,
      0.9905639709576761,
      -0.10764827906605028,
      -0.02707376711557707
    ],
    [
      0.0905549848437416,
      0.8441903433775038,
      0.42519696164776555,
      0.3136080398740294
    ],
    [
      0.0962512058441753,
