{
  "implementation": "nsga3_func",
  "elapsed_time": 0.6603319644927979,
  "hv_elapsed_time": 0.0019381046295166016,
  "count_elapsed_time": 0.000835418701171875,
  "analyze_elapsed_time": 0.0002620220184326172,
  "gd_elapsed_time": 0.002053499221801758,
  "igd_elapsed_time": 0.00490117073059082,
  "worst_point": [
    1.0973216327188267,
    1.0917575346798307,
    1.099999983670252
  ],
  "delta": 0.1,
  "hypervolume": 0.7827226489283307,
  "gd": 0.0384944289731941,
  "igd": 0.07072365216578627,
  "points_per_niche": [
    1.0,
    1.0,
    1.0,
    1.0,
    0.0,
    1.0,
    1.0,
    0.0,
    3.0,
    0.0,
    1.0,
    1.0,
    0.0,
    0.0,
    0.0,
    1.0,
    0.0,
    1.0,
    0.0,
    1.0,
    0.0,
    1.0,
    1.0,
    3.0,
    3.0,
    2.0,
    7.0,
    2.0,
    1.0,
    1.0,
    1.0,
    2.0,
    2.0,
    3.0,
    2.0,
    1.0,
    1.0,
    2.0,
    1.0,
    1.0,
    4.0,
    2.0,
    1.0,
    2.0,
    5.0,
    1.0,
    1.0,
    1.0,
    2.0,
    1.0,
    1.0,
    1.0,
    4.0,
    6.0,
    1.0,
    2.0,
    4.0,
    1.0,
    0.0,
    1.0,
    3.0,
    0.0,
    2.0,
    0.0,
    0.0,
    3.0
  ],
  "points_out_r": 0,
  "niche_metrics": {
    "coverage": 0.803030303030303,
    "empty_ratio": 0.19696969696969696,
    "outside_rate": 0.0,
    "entropy_norm": 0.8984943458468047,
    "gini": 30.68,
    "chi2": 88.75999999999999,
    "avg_active": 1.8867924528301887,
    "max_density": 7.0,
    "std_density": 1.4274625107047125,
    "CUS": -23.833939393939392
  },
  "pareto_front": [
    [
      6.612810011743031e-05,
      0.07131383874836167,
      0.9974539247654736
    ],
    [
      0.00017880390917073553,
      2.62422844273764e-05,
      0.9999999836702521
    ],
    [
      0.0003026739757825818,
      0.9917575346798306,
      -0.12812845427245603
    ],
    [
      0.0003896263359281031,
      0.4201806742239651,
      0.9074403832759552
    ],
    [
      0.0006948860361928823,
      0.749378715637492,
      0.662141267165021
    ],
    [
      0.0009107964453084849,
      0.9822207309444518,
      0.18772747841693818
    ],
    [
      0.003670700156170489,
      0.8358000876748326,
      0.5490216201599949
    ],
    [
      0.010369470574036655,
      0.9626068429502929,
      0.27070378642583576
    ],
    [
      0.03381670830303476,
      0.29020425905047226,
      0.9563670416051119
    ],
    [
      0.0701880732890668,
      0.9768212147982743,
      0.20222252270207788
    ],
    [
      0.10034320336638566,
      0.000313906673815864,
      0.9949528345609013
    ],
    [
      0.11538065722961023,
      0.9034779208974415,
      0.41281345713057815
    ],
    [
      0.17520596386106077,
      0.9679199132283283,
      0.18009417481857118
    ],
    [
      0.20136644632354836,
      0.5420391036930196,
      0.815870801268616
    ],
    [
      0.2566695218778062,
      0.1268886793312675,
      0.9581336126013872
    ],
    [
      0.2576575656256895,
      0.48442562778715015,
      0.8360289408979028
    ],
    [
      0.2605686404080042,
      0.8389569368343354,
      0.477760653228657
    ],
    [
      0.26558029647511516,
      0.8550930444486171,
      0.44528978369123307
    ],
    [
      0.27969600248172716,
      0.8327754225613702,
      0.477760653228657
    ],
    [
      0.2861230800261997,
      -0.010656616711498448,
      0.9581336126013872
    ],
    [
      0.28857452533705846,
      0.5804998913451163,
      0.7614096265971422
    ],
    [
      0.2956199549784967,
      0.2960993147376407,
      0.9082587946342228
    ],
    [
      0.2960064687598794,
      0.7640847458291176,
      0.5731968873289173
    ],
    [
      0.2972105179054016,
      0.2751167971007223,
      0.9143175903368823
    ],
    [
      0.30405344044115423,
      0.9514290988425864,
      -0.048313302841777275
    ],
    [
      0.3146998741086152,
      0.920434916100317,
      0.23186969284368295
    ],
    [
      0.32872585818470335,
      0.8992391540399937,
      0.28863169265028216
    ],
    [
      0.3467951042812932,
      0.9154947501405432,
      0.20396695347931126
    ],
    [
      0.362455610300981,
      0.8474337265835583,
      0.3879201072515399
    ],
    [
      0.36610702595868516,
      0.6285106934335705,
      0.6862506493864606
    ],
    [
      0.37080937960288013,
      0.6365834135403307,
      0.6762114769832493
    ],
    [
      0.37337282963938784,
      0.9276755288823404,
      0.003292901448059321
    ],
    [
      0.37528748680731633,
      0.918010022522412,
      -0.12812845427245603
    ],
    [
      0.3789524155346845,
      0.362367853666497,
      0.8515189988424005
    ],
    [
      0.38296739659130424,
      0.16460528458007617,
      0.9089780379285249
    ],
    [
      0.3835596897331011,
      0.19935574628899475,
      0.9017423417104273
    ],
    [
      0.3844917710711129,
      0.8438796361507306,
      0.3742101517445904
    ],
    [
      0.3846951812782092,
      0.7738573273997595,
      0.5031445660354756
    ],
    [
      0.39264732144728814,
      0.5290929688361315,
      0.7522557485911545
    ],
    [
      0.40956584862644835,
      0.553534988177745,
      0.7251584878507324
    ],
    [
      0.4197707961929426,
      0.018558810940644706,
      0.9074403832759552
    ],
    [
      0.4241446471135529,
      0.7775762430450874,
      0.46419446849010043
    ],
    [
      0.453751332439686,
      0.5823694559005881,
      0.6745039252245035
    ],
    [
      0.5038675986043563,
      0.8624287030504018,
      -0.048313302841777275
    ],
    [
      0.5237378293679098,
      0.8253526754095926,
      0.21093043233070438
    ],
    [
      0.5294867090761041,
      0.2323761187150342,
      0.815870801268616
    ],
    [
      0.5297826743497783,
      0.509647024023456,
      0.6779308437169913
    ],
    [
      0.5302989294556247,
      0.6740914772252347,
      0.5141825801702343
    ],
    [
      0.5337378557206818,
      0.8456499875070588,
      0.0
    ],
    [
      0.5488820814890568,
      0.6865552549162024,
      0.4768336634164882
    ],
    [
      0.549444498084073,
      0.36362347591526983,
      0.7522557485911545
    ],
    [
      0.5544668273638812,
      0.005590322537203369,
      0.8321870496751088
    ],
    [
      0.5545939839581948,
      0.8275408727382287,
      -0.08718725196396641
    ],
    [
      0.582809598779507,
      0.7917207128161464,
      0.18306087640007415
    ],
    [
      0.6045648333726676,
      0.758660755902704,
      0.24276577127391016
    ],
    [
      0.606803364377682,
      0.06768796510711486,
      0.7919646560040315
    ],
    [
      0.612709022001298,
      0.5665733645190828,
      0.5509830096978848
    ],
    [
      0.6210784207255465,
      0.7830321593834704,
      0.033499741496324086
    ],
    [
      0.6313977457604336,
      0.775131637645649,
      -0.022535105267494925
    ],
    [
      0.6435485128944783,
      0.3579147434029741,
      0.6765665880060061
    ],
    [
      0.6509498866570217,
      0.38467317374472065,
      0.6544392977674665
    ],
    [
      0.6876927400333545,
      0.2753461543567661,
      0.6717612601113263
    ],
    [
      0.695271260765022,
      0.6414771998649116,
      0.32419882172470804
    ],
    [
      0.716272815698322,
      0.4740307926570376,
      0.5121016120893765
    ],
    [
      0.7202326833580907,
      -0.0011166666806689321,
      0.6937316735441222
    ],
    [
      0.7251927127107276,
      0.6882097637253619,
      -0.021513961614207155
    ],
    [
      0.7484428186761106,
      0.310395197577583,
      0.5860786367825838
    ],
    [
      0.7496380536972015,
      0.6189939820846251,
      0.23428452486686038
    ],
    [
      0.7653341313341148,
      0.5593722953993556,
      0.3183807509173758
    ],
    [
      0.7701742272670777,
      0.21721836635271835,
      0.5997064623402152
    ],
    [
      0.7870708799000584,
      0.3466870583779643,
      0.5102230037606907
    ],
    [
