{
  "implementation": "nsga3_pymoo_func",
  "elapsed_time": 0.13756632804870605,
  "hv_elapsed_time": 9.179115295410156e-05,
  "count_elapsed_time": 0.0003600120544433594,
  "analyze_elapsed_time": 0.00015282630920410156,
  "gd_elapsed_time": 0.0009999275207519531,
  "igd_elapsed_time": 0.004267692565917969,
  "worst_point": [
    1.0899950971596992,
    1.0981333975783996,
    1.088619318406478
  ],
  "delta": 0.1,
  "hypervolume": 0.7806637763432234,
  "gd": 0.05721350212969358,
  "igd": 0.09339959478693322,
  "points_per_niche": [
    0.0,
    0.0,
    1.0,
    1.0,
    1.0,
    1.0,
    2.0,
    1.0,
    1.0,
    1.0,
    1.0,
    0.0,
    0.0,
    0.0,
    0.0,
    1.0,
    0.0,
    0.0,
    1.0,
    0.0,
    1.0,
    1.0,
    0.0,
    1.0,
    1.0,
    1.0,
    1.0,
    0.0,
    0.0,
    1.0,
    1.0,
    1.0,
    0.0,
    1.0,
    1.0,
    1.0,
    0.0,
    2.0,
    1.0,
    0.0,
    1.0,
    1.0,
    1.0,
    1.0,
    1.0,
    0.0,
    0.0,
    1.0,
    1.0,
    1.0,
    1.0,
    1.0,
    0.0,
    0.0,
    0.0,
    1.0,
    1.0,
    1.0,
    1.0,
    0.0,
    1.0,
    0.0,
    1.0,
    0.0,
    1.0,
    2.0
  ],
  "points_out_r": 2,
  "niche_metrics": {
    "coverage": 0.6515151515151515,
    "empty_ratio": 0.3484848484848485,
    "outside_rate": 0.041666666666666664,
    "entropy_norm": 0.892252733185562,
    "gini": 25.608695652173918,
    "chi2": 28.60869565217391,
    "avg_active": 1.069767441860465,
    "max_density": 2.0,
    "std_density": 0.5496471862793046,
    "CUS": -15.364898989898993
  },
  "pareto_front": [
    [
      0.2178958634973098,
      0.9411584288720083,
      0.25834512659218983
    ],
    [
      0.6927018817029834,
      0.5081856452252352,
      0.5117728530042965
    ],
    [
      0.3091564717783004,
      0.6697022102328605,
      0.6752193906922509
    ],
    [
      0.7150296168469217,
      0.6960404970055305,
      -0.065270771100382
    ],
    [
      -0.04993652121533995,
      0.5389104792245217,
      0.8408815845473762
    ],
    [
      0.5154016592152009,
      0.6906496897387868,
      0.5073106895600914
    ],
    [
      0.9897160349096447,
      -0.1423370654899152,
      -0.014224276095838885
    ],
    [
      0.6529593703769987,
      0.7510198586647044,
      0.09804709342005417
    ],
    [
      0.6888965127085684,
      0.2866923668260908,
      0.6657545205115978
    ],
    [
      0.08660885392496302,
      0.6293503832001186,
      0.7722803905238487
    ],
    [
      0.04440878250984831,
      0.7911324043606874,
      0.6100306375965642
    ],
    [
      0.32752275675893666,
      0.9435965952077666,
      -0.048521225431110614
    ],
    [
      0.9616914307131441,
      0.2679187359302724,
      -0.0580443195362888
    ],
    [
      0.1948672946142177,
      0.024145489622269287,
      0.9805323721431315
    ],
    [
      0.07488101382460019,
      0.3951225098693906,
      0.9155714259210547
    ],
    [
      0.045984240879081206,
      0.19089713662110824,
      0.9805323721431315
    ],
    [
      -0.10656698318442402,
      -0.10618531616227064,
      0.9886193184064781
    ],
    [
      0.9750841602124403,
      -0.062198579315161276,
      0.21293712037588844
    ],
    [
      0.9416219623221139,
      0.32915558799825034,
      0.07074375564088668
    ],
    [
      0.681395358973978,
      0.6632994678023892,
      0.3094094064209924
    ],
    [
      0.5236501856969489,
      0.5039601562934349,
      0.6868876501206348
    ],
    [
      0.7786853678814342,
      0.6210540153700249,
      0.08911233270498765
    ],
    [
      -0.01740977327265331,
      0.8615873513768987,
      0.5073106895600914
    ],
    [
      0.8338560615056346,
      0.2361884651237692,
      0.4988978629266607
    ],
    [
      0.5100920140183433,
      0.1607241172814342,
      0.8449697600262475
    ],
    [
      0.964253009344242,
      0.1558223314018603,
      0.21432576841589043
    ],
    [
      0.28158645280125233,
      0.4510011410015839,
      0.8469398092037459
    ],
    [
      0.5317124810130227,
      0.8447202040706433,
      -0.0610705687694713
    ],
    [
      0.9425373075296931,
      -0.22507434404537652,
      0.2469108413318868
    ],
    [
      0.41090236853169354,
      0.908454562003541,
      0.07661300353072553
    ],
    [
      0.03510861960269164,
      0.9969201623540281,
      0.07012542136495016
    ],
    [
      0.05337704024646927,
      0.9731281592824055,
      0.22399213643823315
    ],
    [
      0.20734829045714603,
      0.9757422597720301,
      0.07024050782469417
    ],
    [
      0.9887799859941582,
      0.14457215383127842,
      0.03759031303378042
    ],
    [
      0.06546706868032835,
      0.9097951627508067,
      0.4098619581684035
    ],
    [
      0.8125955201713942,
      0.0003198089070073502,
      0.5828279491579348
    ],
    [
      0.9899950971596991,
      -0.09962899155365834,
      -0.09991882526210405
    ],
    [
      0.1483288214829578,
      0.9855655468963503,
      -0.08160339140240824
    ],
    [
      0.8564109273459755,
      0.5141874944237487,
      -0.0465998294056312
    ],
    [
      0.8346282980045074,
      0.47069101848220035,
      0.2860866464732112
    ],
    [
      0.9221638367375623,
      -0.012068959728354955,
      0.3866111721413827
    ],
    [
      0.368207007266858,
      -0.023695757314742875,
      0.9294418275959312
    ],
    [
      0.48101717387542364,
      0.8316633133183439,
      0.27741415197724606
    ],
    [
      0.271682693501002,
      0.850367204749339,
      0.45062637643488695
    ],
    [
      -0.0003259889171355075,
      0.9981333975783995,
      -0.0610705687694713
    ],
    [
      0.6261843616501599,
      0.012971967929524077,
      0.7795671063306976
    ],
    [
      0.272873481756602,
      0.23586208521759588,
      0.9326891978096653
    ],
    [
      0.009572239971203772,
      0.705880013417064,
      0.708266742746163
    ]
  ]
}