{
  "implementation": "nsga3_deap_func",
  "elapsed_time": 0.07645893096923828,
  "hv_elapsed_time": 9.775161743164062e-05,
  "count_elapsed_time": 0.0007185935974121094,
  "analyze_elapsed_time": 0.00016736984252929688,
  "gd_elapsed_time": 0.0020363330841064453,
  "igd_elapsed_time": 0.004970550537109375,
  "worst_point": [
    1.099789170195971,
    1.095704076797238,
    1.1
  ],
  "delta": 0.1,
  "hypervolume": 0.6933525451287869,
  "gd": 0.02678111458280298,
  "igd": 0.0794849970019933,
  "points_per_niche": [
    3.0,
    8.0,
    2.0,
    1.0,
    0.0,
    1.0,
    0.0,
    1.0,
    1.0,
    1.0,
    0.0,
    1.0,
    0.0,
    9.0,
    4.0,
    0.0,
    1.0,
    0.0,
    0.0,
    0.0,
    0.0,
    0.0,
    0.0,
    2.0,
    6.0,
    1.0,
    1.0,
    0.0,
    0.0,
    0.0,
    1.0,
    2.0,
    2.0,
    5.0,
    1.0,
    0.0,
    1.0,
    0.0,
    0.0,
    0.0,
    2.0,
    5.0,
    0.0,
    1.0,
    0.0,
    2.0,
    3.0,
    6.0,
    1.0,
    3.0,
    0.0,
    0.0,
    3.0,
    3.0,
    0.0,
    0.0,
    0.0,
    2.0,
    3.0,
    1.0,
    1.0,
    1.0,
    2.0,
    2.0,
    2.0,
    2.0
  ],
  "points_out_r": 0,
  "niche_metrics": {
    "coverage": 0.6212121212121212,
    "empty_ratio": 0.3787878787878788,
    "outside_rate": 0.0,
    "entropy_norm": 0.82570416180432,
    "gini": 40.64,
    "chi2": 162.68,
    "avg_active": 2.4390243902439024,
    "max_density": 9.0,
    "std_density": 1.9325162137578815,
    "CUS": -24.624848484848485
  },
  "pareto_front": [
    [
      0.06422439047033605,
      0.7863464720290592,
      0.6144383236714372
    ],
    [
      0.9004729588046639,
      0.4311354261054234,
      0.057189988795846025
    ],
    [
      0.3863250855033059,
      0.7017859906288721,
      0.5985393484708552
    ],
    [
      0.4379601666972322,
      0.237263975567422,
      0.8671197715912574
    ],
    [
      0.0014269648729490503,
      0.16068532812093317,
      0.9870046550538246
    ],
    [
      0.975146794524571,
      0.2215511778138672,
      -0.0019505736957401395
    ],
    [
      0.9579694687837474,
      0.24412262575375385,
      0.1506606799177456
    ],
    [
      0.9977203833723743,
      0.06551215632748243,
      0.016192404904951153
    ],
    [
      0.036143736254344846,
      0.917043194858608,
      0.39714658388697427
    ],
    [
      0.06822115988454007,
      0.7325988563085509,
      0.6772331866347153
    ],
    [
      0.006470342766281107,
      0.005810574414066436,
      0.9999621852297543
    ],
    [
      0.5495256539969328,
      0.6422051227709471,
      0.5344100821335578
    ],
    [
      0.8895914535220798,
      0.17166549371218104,
      0.42327060385647686
    ],
    [
      0.8016205541562561,
      0.08576595294393298,
      0.5916491261464314
    ],
    [
      0.7847706484025659,
      0.3196302851304832,
      0.5310098965492285
    ],
    [
      0.971571890592492,
      0.00023145531644931446,
      0.23674460466706976
    ],
    [
      0.7743601991054797,
      0.5191767875902835,
      0.36169288805387845
    ],
    [
      0.07751039381965272,
      0.036430930043179995,
      0.9963257129002098
    ],
    [
      0.04676058455431372,
      0.9957040767972378,
      0.07991770255393406
    ],
    [
      0.9529872115810524,
      0.12765651977701675,
      0.27480754633268467
    ],
    [
      0.34266106566699434,
      0.8201906515845431,
      0.4581164580423656
    ],
    [
      0.6702601605804047,
      0.38346000912482264,
      0.6353815692485272
    ],
    [
      0.10774046206812772,
      0.5250644436283868,
      0.8442152112290793
    ],
    [
      0.6866800461415349,
      -0.006618785092808666,
      0.7269296430294715
    ],
    [
      0.403810763652916,
      0.9078507115310755,
      0.11288911697133837
    ],
    [
      0.43303892918971326,
      0.038159748303424564,
      0.9005671098900102
    ],
    [
      0.3202655529413559,
      0.4309926543159198,
      0.843608503705887
    ],
    [
      0.5094550279861166,
      0.5141704499325015,
      0.6899886396716066
    ],
    [
      0.1247740124671292,
      0.2556269495968816,
      0.9586898917025495
    ],
    [
      0.9976776559479056,
      -0.06290419159120403,
      0.02612197355771141
    ],
    [
      0.014043441314013541,
      0.33292023285854855,
      0.9428504124777534
    ],
    [
      0.9899167315858887,
      0.08769411662023391,
      0.11124120835602404
    ],
    [
      0.6697225175050419,
      0.5523812236559746,
      0.49633328852600356
    ],
    [
      0.7913947161357109,
      0.5665905520110823,
      0.2294984741654169
    ],
    [
      0.918545446701583,
      0.2715649988164895,
      0.2872746312530736
    ],
    [
      0.6314087468678643,
      0.7647717798483475,
      0.1282463220772583
    ],
    [
      0.2697296143553125,
      0.3377778595727101,
      0.9017494401008591
    ],
    [
      0.1492813146815838,
      0.3720681331377679,
      0.9161224772869151
    ],
    [
      0.03362674174663304,
      0.9735031110603573,
      0.22618783122730357
    ],
    [
      0.776722159465186,
      0.627249540603665,
      0.05710254642508847
    ],
    [
      0.3967750320581976,
      0.3458958839443466,
      0.8502503227906328
    ],
    [
      0.9827660450400408,
      0.1814507488901699,
      0.03530618137880312
    ],
    [
      0.7069740544243825,
      0.040444929464241476,
      0.7060820731695309
    ],
    [
      2.2161445854258087e-21,
      6.123233991726388e-17,
      1.0
    ],
    [
      0.6139185617538601,
      0.5382447617074528,
      0.5774050363727002
    ],
    [
      0.09552640870286708,
      0.23231665108126187,
      0.9679378486611214
    ],
    [
      0.029977098909595913,
      0.1325220261089272,
      0.9907266455167889
    ],
    [
      0.5414559871175246,
      0.5729265995505277,
      0.615288977263575
    ],
    [
      0.941481753096705,
      0.2747360464569717,
      0.19527471255425718
    ],
    [
      0.0561063367534444,
      0.28951957716496574,
      0.9555262913255337
    ],
    [
      0.3061510669425313,
      0.4360899997255829,
      0.8462251688228676
    ],
    [
      0.9888819066694982,
      0.024101835425588,
      0.14673675814469878
    ],
    [
      0.8277545195452474,
      0.20889051792261737,
      0.5207563796003246
    ],
    [
      0.9929037412193034,
      0.10681565274787266,
      0.052274056670173624
    ],
    [
      0.8937132531238665,
      0.233540561603071,
      0.3830606052270033
    ],
    [
      0.5197910853003537,
      0.1190558153317066,
      0.8459568195114826
    ],
    [
      0.1380075595167041,
      0.3637928362276311,
      0.9211995906564979
    ],
    [
      0.6740855991875515,
      0.4019823278755254,
      0.6196925149166587
    ],
    [
      0.8235889172402708,
      0.12089372985705941,
      0.5541534096982951
    ],
    [
      0.42678072994813543,
      0.3968796523906163,
      0.8126159917594781
    ],
    [
      0.9997891701959709,
      0.020533267721000496,
      -8.691939420547097e-06
    ],
    [
      0.7269025353797831,
      0.6770915894979155,
      0.11471566366294345
    ],
    [
      0.9962085987933695,
      0.03546358319819931,
      0.07944030436054281
    ],
    [
      0.4236684800938995,
      0.5533595918814113,
      0.7171458575825165
    ],
    [
      0.020817707438202878,
      0.14190113613529118,
      0.9896619072291966
    ],
    [
      0.1418553014514191,
      0.29282699084344266,
      0.9455841722891206
    ],
    [
      0.0009649934814569709,
      0.00016830920494120534,
      0.9999995202296811
    ],
    [
      0.2125135354523994,
      0.3872446593629748,
      0.8971508073029726
    ],
    [
      0.8263665537677656,
      0.3790924468886727,
      0.4164219440975048
    ],
    [
      0.7407510990349128,
      0.16903313952935997,
      0.6501658303997657
    ],
    [
      0.9240642634329933,
      0.1814712811712481,
      0.33641256093687305
    ],
    [
      0.9634142590896535,
