{
  "implementation": "nsga3_deap_func",
  "elapsed_time": 0.06663942337036133,
  "hypervolume": 1.7544375131733712,
  "points_per_niche": [
    1.0,
    6.0,
    3.0,
    1.0,
    0.0,
    0.0,
    0.0,
    0.0,
    0.0,
    0.0,
    0.0,
    2.0,
    3.0,
    2.0,
    6.0,
    2.0,
    1.0,
    0.0,
    0.0,
    0.0,
    0.0,
    0.0,
    0.0,
    2.0,
    4.0,
    1.0,
    3.0,
    0.0,
    0.0,
    0.0,
    0.0,
    2.0,
    0.0,
    1.0,
    1.0,
    2.0,
    1.0,
    0.0,
    0.0,
    2.0,
    3.0,
    5.0,
    2.0,
    0.0,
    3.0,
    0.0,
    3.0,
    2.0,
    0.0,
    1.0,
    0.0,
    0.0,
    5.0,
    1.0,
    1.0,
    0.0,
    4.0,
    1.0,
    1.0,
    1.0,
    1.0,
    1.0,
    1.0,
    1.0,
    0.0,
    2.0
  ],
  "points_out_r": 13,
  "analyze_niche": {
    "coverage": 0.5909090909090909,
    "empty_ratio": 0.4090909090909091,
    "outside_rate": 0.1326530612244898,
    "entropy_norm": 0.8292176873283098,
    "gini": 40.05882352941177,
    "chi2": 120.76470588235291,
    "avg_active": 2.1794871794871793,
    "max_density": 6.0,
    "std_density": 1.5350960044516366,
    "CUS": -20.018552875695732
  },
  "pareto_front": [
    [
      -7.3054092366131684e-06,
      -0.029916911319248514,
      0.9995523890040717
    ],
    [
      0.0007376554774952819,
      0.057719905269320866,
      0.9983325439952847
    ],
    [
      0.006434589895731941,
      0.07290943440455228,
      0.9973178081372467
    ],
    [
      0.00809357797243131,
      0.21167241421230412,
      0.9773071590125281
    ],
    [
      0.01883034659156441,
      0.09274653769803694,
      0.9955116763716376
    ],
    [
      0.02401582661019845,
      0.09175419892877396,
      0.9954920426860115
    ],
    [
      0.025989650291067985,
      0.16254311595727,
      0.9863590996856315
    ],
    [
      0.03568608907052125,
      0.2013968111686866,
      0.9788594523719609
    ],
    [
      0.0371301247672689,
      0.12103172031023193,
      0.991953968948919
    ],
    [
      0.045807861616803815,
      0.21524868177707376,
      0.9754843129478443
    ],
    [
      0.06381621486538931,
      0.15122785878149506,
      0.9864368329744275
    ],
    [
      0.06395958939157527,
      0.3861879764622281,
      0.9201999879161435
    ],
    [
      0.07595561173793802,
      0.17056019213698043,
      0.9824153734056241
    ],
    [
      0.0858897758159883,
      0.15562838463439838,
      0.9840745664360842
    ],
    [
      0.08768914484310915,
      0.23161478927933968,
      0.968847358082671
    ],
    [
      0.10003122544213483,
      0.40637272396526086,
      0.9082152625636715
    ],
    [
      0.10033643320360144,
      0.06119976229181996,
      0.9930695792679403
    ],
    [
      0.1130304641922946,
      0.3705297025970388,
      0.9219174874455004
    ],
    [
      0.1134205848734494,
      0.3679913733931916,
      0.9228857567625353
    ],
    [
      0.11346202660129556,
      0.6945802328668801,
      0.710411619154781
    ],
    [
      0.12586421689728214,
      0.04550185315292098,
      0.9910034209146222
    ],
    [
      0.13010676150605707,
      0.456039324964725,
      0.8803978445544514
    ],
    [
      0.17740068870741738,
      0.4270779628034034,
      0.8866416465144353
    ],
    [
      0.1775416631038754,
      0.5015191908621228,
      0.8467334049506442
    ],
    [
      0.19002524227206374,
      0.5567830625894044,
      0.8086303410786705
    ],
    [
      0.21488614458645278,
      0.6136308533831838,
      0.7597901819851292
    ],
    [
      0.21779605125064738,
      0.3555988645943303,
      0.9089083163657644
    ],
    [
      0.21983341039617885,
      0.2780348988898403,
      0.9350774655999905
    ],
    [
      0.23028124708930675,
      0.7636573079063887,
      0.6031567485489661
    ],
    [
      0.247032725807669,
      0.23825526456181917,
      0.9392599540535147
    ],
    [
      0.25191244973722654,
      0.5429028763781516,
      0.801122078392375
    ],
    [
      0.2657273475558731,
      0.5110817756808272,
      0.8174254677509459
    ],
    [
      0.29172742094776744,
      0.5188943017614769,
      0.8035196422407068
    ],
    [
      0.3113382521616212,
      0.5013207483866269,
      0.8073078718667489
    ],
    [
      0.3496446488530096,
      0.19336281321073495,
      0.9167112097032991
    ],
    [
      0.3503390861949821,
      0.6041941026265035,
      0.7156898846815002
    ],
    [
      0.3628686416840069,
      0.7568530735584837,
      0.5435989090565582
    ],
    [
      0.3719534000688693,
      0.7937537886298369,
      0.48125418565762923
    ],
    [
      0.3762671201709281,
      0.1748868892214694,
      0.9098558293799704
    ],
    [
      0.4029817995207954,
      0.7704244551686253,
      0.49401602011787854
    ],
    [
      0.4113621329679988,
      0.542816091215392,
      0.7322102749058236
    ],
    [
      0.42768364298479694,
      0.4802867950430703,
      0.7657749643534375
    ],
    [
      0.43518765495984624,
      0.4199124134220322,
      0.7964202847897798
    ],
    [
      0.4572713506505396,
      0.2394117239269406,
      0.8564957316417646
    ],
    [
      0.4613217277878649,
      0.8830906197818238,
      0.0856342263594018
    ],
    [
      0.4660203402726355,
      0.6319440479610339,
      0.6192509690737669
    ],
    [
      0.48702582561540214,
      0.5567981596675368,
      0.672890521982945
    ],
    [
      0.4982638671035912,
      0.7880925311181166,
      0.3614460971359564
    ],
    [
      0.5273110438597536,
      0.7855567259199062,
      0.3237957587516157
    ],
    [
      0.5380115327172875,
      0.8428359026339084,
      0.01308556053365502
    ],
    [
      0.5732293895245758,
      0.8193887370218178,
      0.003188201228353893
    ],
    [
      0.5791962653088262,
      0.6245845662783035,
      0.5238566653381926
    ],
    [
      0.5844997467622217,
      0.8099293010705516,
      0.048729593701021943
    ],
    [
      0.5902913029498963,
      0.7666158879140612,
      0.25269795816240614
    ],
    [
      0.6104177617931542,
      0.10436073005707515,
      0.785174499146139
    ],
    [
      0.6174762067416025,
      0.061459595909692674,
      0.784184832917992
    ],
    [
      0.6204591396405886,
      0.5035073786742693,
      0.6012576616202296
    ],
    [
      0.623734770118139,
      0.3972372526421786,
      0.6731697420851342
    ],
    [
      0.6374464257186617,
      0.5501946579430315,
      0.5393958590028788
    ],
    [
      0.6490417638068304,
      0.36261031185768267,
      0.6687739158856248
    ],
    [
      0.6553665329909771,
      0.5210547541783748,
      0.5468058618774124
    ],
    [
      0.6818692436909655,
      0.6246047812785687,
      0.3806878008450785
    ],
    [
      0.6959195923436822,
      0.5164891863053737,
      0.49893370443558543
    ],
    [
      0.6973463467272002,
      0.4408630870268002,
      0.5651086720299268
    ],
    [
      0.7040341901931265,
      0.6950701696568085,
      0.1456479258086576
    ],
    [
      0.7095759962452444,
      0.6512019182160885,
      0.26914302380752075
    ],
    [
      0.7260463102253815,
      0.2914155407602485,
      0.6228432692190877
    ],
    [
      0.7304627004694892,
      0.2109058805179224,
      0.6495713608109436
    ],
    [
      0.7354132026587599,
      0.32726411471958217,
      0.5933511781162938
    ],
    [
      0.7385110741856407,
      0.41573946349865015,
      0.5308126710950161
    ],
    [
      0.7429393900825599,
      0.44559420190549703,
      0.49948660631888536
    ],
    [
      0.7923669895996599,
      0.3935628144109712,
      0.4661146478128402
    ],
    [
      0.7992555322950348,
      0.21373417609627945,
      0.561701251613547
    ],
    [
      0.8076066422156689,
      0.5598606484074041,
      0.18527699753065247
    ],
    [
      0.811912736135137,
      0.1736344875027953,
      0.557358747712097
    ],
    [
      0.818686595790055,
