{
  "implementation": "nsga3_func",
  "elapsed_time": 0.61962890625,
  "hypervolume": 2.7653395724815564,
  "points_per_niche": [
    1.0,
    0.0,
    0.0,
    2.0,
    1.0,
    1.0,
    1.0,
    1.0,
    0.0,
    0.0,
    2.0,
    0.0,
    0.0,
    0.0,
    0.0,
    0.0,
    0.0,
    0.0,
    0.0,
    1.0,
    1.0,
    1.0,
    1.0,
    2.0,
    1.0,
    1.0,
    1.0,
    3.0,
    0.0,
    1.0,
    1.0,
    1.0,
    0.0,
    1.0,
    2.0,
    2.0,
    1.0,
    1.0,
    2.0,
    1.0,
    2.0,
    1.0,
    2.0,
    1.0,
    2.0,
    3.0,
    1.0,
    2.0,
    4.0,
    4.0,
    1.0,
    3.0,
    1.0,
    1.0,
    1.0,
    1.0,
    2.0,
    3.0,
    5.0,
    1.0,
    2.0,
    1.0,
    2.0,
    2.0,
    0.0,
    1.0
  ],
  "points_out_r": 17,
  "analyze_niche": {
    "coverage": 0.7727272727272727,
    "empty_ratio": 0.22727272727272727,
    "outside_rate": 0.17,
    "entropy_norm": 0.9059456497912618,
    "gini": 28.63855421686747,
    "chi2": 59.33734939759036,
    "avg_active": 1.6274509803921569,
    "max_density": 5.0,
    "std_density": 1.0633082460316816,
    "CUS": -17.726363636363637
  },
  "pareto_front": [
    [
      0.0017997075081005952,
      0.9989903525127928,
      0.04488915948479566
    ],
    [
      0.0018089968393950472,
      0.0006659606767872245,
      0.9999981420116799
    ],
    [
      0.014474686676794073,
      0.33720402568914976,
      0.941320311320562
    ],
    [
      0.017269639490376375,
      0.40218378565570173,
      0.9153960684356914
    ],
    [
      0.02114949781133176,
      0.550395794579391,
      0.8346359494124664
    ],
    [
      0.025714745987199084,
      0.6692020858503983,
      0.7426353884190343
    ],
    [
      0.030396616738952085,
      0.8048993257252535,
      0.5926323659216205
    ],
    [
      0.03497146377773903,
      0.940445624095201,
      0.33814054007384275
    ],
    [
      0.036709452869004344,
      0.99654688747483,
      -0.07447628571758069
    ],
    [
      0.17017183863281382,
      0.9829889875135884,
      -0.06909555530812216
    ],
    [
      0.18358382671435663,
      0.9755612546361319,
      0.12073614629301962
    ],
    [
      0.23762316115484505,
      0.29639352908177996,
      0.9250330314108932
    ],
    [
      0.2570537163057891,
      0.15247199222979596,
      0.9542932874744849
    ],
    [
      0.26019783815816894,
      0.4965801869755972,
      0.8280731869352469
    ],
    [
      0.27551838136879914,
      0.000323399469172652,
      0.9612957489455055
    ],
    [
      0.2803015360318165,
      0.956839070382985,
      -0.07674661091428976
    ],
    [
      0.30038892809225765,
      0.9106243666481111,
      0.2837776501881552
    ],
    [
      0.30038892809225765,
      0.9106243666481111,
      0.2837776501881552
    ],
    [
      0.30225702416790257,
      0.9162874708661185,
      0.26278881649517716
    ],
    [
      0.3146252699688299,
      0.5893267620412066,
      0.7441135041370154
    ],
    [
      0.3147761609791674,
      0.7414194813608284,
      0.5926323659216205
    ],
    [
      0.32118713421838885,
      0.8472844206632374,
      0.42302238157565725
    ],
    [
      0.32994757370829536,
      0.6227739398538634,
      0.7094273877169569
    ],
    [
      0.34156307305766576,
      0.21127817599848775,
      0.9158035812717461
    ],
    [
      0.34649331047352294,
      0.2030915712848348,
      0.9158035812717461
    ],
    [
      0.3518607602112421,
      0.9112322846689546,
      0.21412549778240794
    ],
    [
      0.3839434224966806,
      0.3628248692733159,
      0.84908513269185
    ],
    [
      0.38657002196903234,
      0.5382313513491268,
      0.7489129659311252
    ],
    [
      0.3878607987300909,
      0.537301935850506,
      0.7489129659311252
    ],
    [
      0.4118708681356964,
      0.8376964644740021,
      0.3586460949026279
    ],
    [
      0.4317449704666456,
      0.6198719855447751,
      0.6552518615109258
    ],
    [
      0.44121787577990285,
      0.897384795085294,
      0.005226436835470025
    ],
    [
      0.45045398646814844,
      0.003371809516003582,
      0.8927932778507806
    ],
    [
      0.4642693314943965,
      0.8829947859814395,
      -0.06909555530812216
    ],
    [
      0.47825798044659357,
      0.16284126261135046,
      0.8629901664157518
    ],
    [
      0.47940248420938014,
      0.8515647108547673,
      0.21215749187976296
    ],
    [
      0.4859311477864456,
      0.7352422171571014,
      0.47253550313268244
    ],
    [
      0.5127034556466632,
      0.0,
      0.8585657613531826
    ],
    [
      0.5187945901461847,
      0.6730796564990583,
      0.5270824880814786
    ],
    [
      0.5218842080835601,
      0.19369433125086524,
      0.830734241135079
    ],
    [
      0.5470883437583868,
      0.4925401217741143,
      0.6768297958618887
    ],
    [
      0.5492499866709543,
      -0.02665949235721587,
      0.835232736193459
    ],
    [
      0.5522076576969643,
      0.7620585205600338,
      0.33813239126514466
    ],
    [
      0.5529316982490712,
      0.8313400613117682,
      -0.05603784015773262
    ],
    [
      0.5683317591334636,
      0.3624718716710306,
      0.7386563164338086
    ],
    [
      0.5773902943633412,
      0.8164682773843783,
      0.0
    ],
    [
      0.6084817311464809,
      0.7080363708214229,
      0.35837756689699507
    ],
    [
      0.6481707565912427,
      0.736393184944537,
      0.19390654312626215
    ],
    [
      0.6488669987151935,
      0.37472253407537764,
      0.6622345811224786
    ],
    [
      0.6550669338862413,
      0.5364555982303397,
      0.5320739640841368
    ],
    [
      0.6552790548393885,
      0.228541940970479,
      0.719984681438601
    ],
    [
      0.6563685641519883,
      0.7524346995325564,
      -0.05497573039450026
    ],
    [
      0.6632476877365452,
      0.04099683721580045,
      0.7472762300852527
    ],
    [
      0.6759622889384348,
      0.33732466966594954,
      0.6552000085224893
    ],
    [
      0.6861838366838934,
      0.6128336559189517,
      0.3919013299885368
    ],
    [
      0.7198737717140213,
      0.3752416862181449,
      0.5839310145234559
    ],
    [
      0.7271395967799922,
      0.679603287534253,
      -0.09699164070818629
    ],
    [
      0.7280928313993742,
      -0.04635882450805127,
      0.683909122804393
    ],
    [
      0.7478740652873133,
      0.6288123091686436,
      0.21278971382241613
    ],
    [
      0.7546862333264706,
      0.23037273049749984,
      0.6143102589658016
    ],
    [
      0.7547801271839115,
      0.6248418526953526,
      0.19969882004778508
    ],
    [
      0.7547801271839115,
      0.6248418526953526,
      0.19969882004778508
    ],
    [
      0.7627691034716605,
      0.0008953272806645837,
      0.6466703125844729
    ],
    [
      0.7635448402216816,
      0.3561026482636345,
      0.5386930302783516
    ],
    [
      0.7912226956738031,
      0.310081757942189,
      0.5270824880814786
    ],
    [
      0.7948854239610389,
      0.4893748305645359,
      0.3587052243614682
    ],
    [
      0.7994013666786772,
      -0.05770819933426369,
      0.5980194132984813
    ],
    [
      0.7994013666786772,
      -0.05770819933426369,
      0.5980194132984813
    ],
    [
      0.8164214816475198,
      0.5427466734779814,
      0.19718522442884434
    ],
    [
      0.8384427719160512,
      0.0,
      0.5449896496464208
    ],
    [
      0.8393122543293919,
      -0.11158958946204187,
      0.5320739640841368
    ],
    [
      0.853348937484855,
      0.42898759912708084,
      0.2962519716198559
    ],
    [
      0.8538850075493104,
      0.4555641496521946,
      0.2516777690504006
    ],
    [
      0.8550873277869613,
      0.4298615064459842,
      0.28990472078623164
    ],
    [
      0.8556295644067379,
      0.5118671763517431,
      -0.07674661091428976
    ],
    [
      0.8613220642381831,
      0.46639448574787973,
