{
  "implementation": "nsga3_deap_func",
  "elapsed_time": 0.303253173828125,
  "hypervolume": 0.7019981799629713,
  "points_per_niche": [
    3.0,
    2.0,
    0.0,
    3.0,
    1.0,
    1.0,
    1.0,
    1.0,
    1.0,
    0.0,
    0.0,
    4.0,
    4.0,
    4.0,
    4.0,
    2.0,
    1.0,
    1.0,
    2.0,
    1.0,
    0.0,
    0.0,
    1.0,
    6.0,
    2.0,
    1.0,
    1.0,
    1.0,
    0.0,
    0.0,
    1.0,
    1.0,
    2.0,
    4.0,
    1.0,
    0.0,
    1.0,
    1.0,
    1.0,
    4.0,
    1.0,
    1.0,
    0.0,
    1.0,
    0.0,
    1.0,
    1.0,
    4.0,
    0.0,
    2.0,
    0.0,
    0.0,
    1.0,
    1.0,
    2.0,
    1.0,
    1.0,
    0.0,
    1.0,
    0.0,
    1.0,
    0.0,
    1.0,
    0.0,
    2.0,
    0.0
  ],
  "points_out_r": 14,
  "analyze_niche": {
    "coverage": 0.7272727272727273,
    "empty_ratio": 0.2727272727272727,
    "outside_rate": 0.14,
    "entropy_norm": 0.8765362330208589,
    "gini": 33.51162790697674,
    "chi2": 88.97674418604653,
    "avg_active": 1.7916666666666667,
    "max_density": 6.0,
    "std_density": 1.325389559310851,
    "CUS": -20.334545454545452
  },
  "pareto_front": [
    [
      0.03825314797853406,
      0.7841323966523187,
      0.619413497746072
    ],
    [
      0.1668500658810792,
      0.4762468723622424,
      0.8633365346611144
    ],
    [
      0.3462686140034407,
      0.5091436642639384,
      0.7879535367621787
    ],
    [
      0.08588883013815028,
      0.977201063640306,
      0.19416794297142506
    ],
    [
      0.3328082178350101,
      0.3092436002514082,
      0.8908462750918543
    ],
    [
      0.3720371878797419,
      0.7674232781073013,
      0.5221588293360341
    ],
    [
      0.27073304997810427,
      0.15652151243075316,
      0.9498445303290128
    ],
    [
      0.6227492283268228,
      0.3915488955801672,
      0.6774015507719908
    ],
    [
      0.9383642865964986,
      0.2889350009046057,
      0.18970775127152714
    ],
    [
      0.9210073423476033,
      0.03466124585332715,
      0.38800009455888035
    ],
    [
      0.9126743574423539,
      0.3344683853155572,
      0.2348540323085603
    ],
    [
      0.7515775423058174,
      0.22698543344606156,
      0.6193616156211578
    ],
    [
      0.11068475057344494,
      0.2170882433859806,
      0.9698564742136249
    ],
    [
      0.04712083099321646,
      0.940153604029869,
      0.33747715199129685
    ],
    [
      0.7526241078773172,
      0.06117380749436085,
      0.655602560640603
    ],
    [
      0.6183020616165132,
      0.775749801674833,
      0.12615389729305523
    ],
    [
      0.4956034034711627,
      0.8643747291583613,
      0.08505053827113253
    ],
    [
      0.20134873828507668,
      0.8671114447634607,
      0.45560556180893097
    ],
    [
      0.019802273187947018,
      0.010797388931676201,
      0.9997456108274985
    ],
    [
      0.5501316627025663,
      0.6749039058978722,
      0.4917925085805049
    ],
    [
      0.000129206485135755,
      0.42778398136556295,
      0.9038809924944279
    ],
    [
      0.9732113151588576,
      0.22989172174896313,
      0.003087445232545062
    ],
    [
      0.4062247840932223,
      0.9137723064291416,
      0.0012636421890558098
    ],
    [
      0.523916981867815,
      0.35955650220699326,
      0.7721593862870489
    ],
    [
      0.8988474289290732,
      0.4061097873192343,
      0.16476692675145985
    ],
    [
      0.15843043871004114,
      0.6485969697855071,
      0.7444607221843217
    ],
    [
      0.7500001399101843,
      0.6513538468848422,
      0.11505631787529688
    ],
    [
      0.3914660168226802,
      0.658274928831198,
      0.6429840400393049
    ],
    [
      0.14693051299731086,
      0.006999132046697901,
      0.9891220533892366
    ],
    [
      0.8613660331374821,
      0.5068760938035567,
      0.03354373991441868
    ],
    [
      0.12667539897861044,
      0.937188779679529,
      0.3250085145598578
    ],
    [
      0.0158844265999282,
      0.5966214895898659,
      0.8023655545642279
    ],
    [
      0.4513955028265932,
      0.04645351867042374,
      0.8911140054061902
    ],
    [
      0.7259889444066155,
      0.49002122607366366,
      0.4825134719327861
    ],
    [
      0.568168849884983,
      0.7811372317031671,
      0.25886054791622515
    ],
    [
      0.5544015968195368,
      0.04751020642768264,
      0.8308920806754309
    ],
    [
      0.9567253606922246,
      0.003061823553148779,
      0.29097630392329565
    ],
    [
      0.6144039171817403,
      0.13158157907808934,
      0.777942230888033
    ],
    [
      0.4516699327123635,
      0.14026340914354454,
      0.8810904879403929
    ],
    [
      0.3663140600751289,
      0.8699026520644073,
      0.3302777396716068
    ],
    [
      0.09874307027494435,
      0.108245136006689,
      0.9892081664662756
    ],
    [
      0.03588491608053161,
      0.12666168375555972,
      0.9912966713684153
    ],
    [
      0.013149900998250866,
      0.9740070306324136,
      0.22613576537638794
    ],
    [
      0.785023548049283,
      0.35493611854488527,
      0.5076991045495415
    ],
    [
      0.5065183630312239,
      0.5275610939389397,
      0.6819959237958234
    ],
    [
      0.9948049413509685,
      0.10021677087712742,
      0.01788092555371324
    ],
    [
      0.9028010933356518,
      0.16163545016583933,
      0.398527498576495
    ],
    [
      0.09786438091472659,
      0.8091311221395258,
      0.5794215996434798
    ],
    [
      0.24066899036112283,
      0.4735870827017646,
      0.8472270723817729
    ],
    [
      0.7796152589129256,
      0.35135243455255805,
      0.5184124948379644
    ],
    [
      0.45074129909282395,
      0.5344602941075648,
      0.7149716604975114
    ],
    [
      0.4196344648599207,
      0.8694549347303184,
      0.26068186046371866
    ],
    [
      0.0408806127942854,
      0.0208356853403221,
      0.9989467702104866
    ],
    [
      0.172289069111024,
      0.6631179470264744,
      0.728416820917976
    ],
    [
      0.4168287554285382,
      0.6070970000791053,
      0.676525698804448
    ],
    [
      0.6723456304209481,
      0.7075949888518017,
      0.2173952276515661
    ],
    [
      0.006473104959172029,
      0.4719717550710875,
      0.8815899054136821
    ],
    [
      0.08022030229801175,
      0.12117768216787382,
      0.9893839863488985
    ],
    [
      0.14232499349804578,
      0.02458368827894771,
      0.9895146479443266
    ],
    [
      0.5878163017674585,
      0.28853055475117095,
      0.7557923751609364
    ],
    [
      0.09224142947747094,
      0.47396051598210176,
      0.8757014034349452
    ],
    [
      0.07314598864120621,
      0.7418800418672178,
      0.666531070412172
    ],
    [
      0.996465234342121,
      0.08313063975393889,
      0.012096837669521184
    ],
    [
      0.7239145955654538,
      0.6509866638935169,
      0.2283944433651897
    ],
    [
      0.07779924890015787,
      0.9408020226302558,
      0.32990730680812597
    ],
    [
      0.04287583855837827,
      0.77055851618548,
      0.6359254953231136
    ],
    [
      0.13382825451525276,
      0.20686039988877447,
      0.9691742739318131
    ],
    [
      0.33297803200527,
      0.3782716621366158,
      0.863733859372376
    ],
    [
      0.5683730253687374,
      0.13487909489373603,
      0.8116401504323423
    ],
    [
      0.002092191319887313,
      0.46517828972115827,
      0.8852145398193475
    ],
    [
      0.8656790760854226,
      0.4482123229151342,
      0.2229471928841192
    ],
    [
      0.7547945187466898,
      0.5966914371186153,
      0.2724785557420519
    ],
    [
      0.6413767174269505,
      0.1698908070054366,
      0.7481798046176275
    ],
    [
      0.17120758843801936,
      0.12547942007380994,
      0.9772117870754415
    ],
    [
      0.8185867631242373,
      0.27558614994803476,
      0.5039523640133095
    ],
    [
      0.3860274379108129,
