{
  "implementation": "nsga3_func",
  "elapsed_time": 3.5118181705474854,
  "hypervolume": 0.7917463596779928,
  "points_per_niche": [
    2.0,
    1.0,
    0.0,
    0.0,
    1.0,
    1.0,
    1.0,
    0.0,
    0.0,
    0.0,
    1.0,
    1.0,
    0.0,
    1.0,
    1.0,
    0.0,
    0.0,
    1.0,
    1.0,
    0.0,
    1.0,
    1.0,
    1.0,
    1.0,
    2.0,
    2.0,
    1.0,
    1.0,
    1.0,
    0.0,
    1.0,
    5.0,
    2.0,
    0.0,
    0.0,
    2.0,
    2.0,
    0.0,
    4.0,
    0.0,
    2.0,
    1.0,
    1.0,
    2.0,
    0.0,
    2.0,
    0.0,
    3.0,
    4.0,
    2.0,
    1.0,
    1.0,
    0.0,
    1.0,
    1.0,
    0.0,
    2.0,
    8.0,
    4.0,
    0.0,
    1.0,
    2.0,
    3.0,
    0.0,
    0.0,
    2.0
  ],
  "points_out_r": 18,
  "analyze_niche": {
    "coverage": 0.6818181818181818,
    "empty_ratio": 0.3181818181818182,
    "outside_rate": 0.18,
    "entropy_norm": 0.8598974570965779,
    "gini": 35.43902439024391,
    "chi2": 104.73170731707319,
    "avg_active": 1.8222222222222222,
    "max_density": 8.0,
    "std_density": 1.404113071297345,
    "CUS": -19.254545454545458
  },
  "pareto_front": [
    [
      0.001794753394603008,
      0.9997924278696095,
      0.020294827785522492
    ],
    [
      0.023686520194850815,
      0.11018377893569646,
      0.9936289466498591
    ],
    [
      0.04243013918810462,
      0.0035737551120173473,
      0.9990930444972967
    ],
    [
      0.04256210112326891,
      0.0012473913160003694,
      0.9990930444972967
    ],
    [
      0.058455100516710684,
      0.6771230078139705,
      0.7335444318598178
    ],
    [
      0.06629064157288572,
      0.5965109986443459,
      0.7998626002859369
    ],
    [
      0.06697415606213669,
      0.31154705483330203,
      0.9478675514250184
    ],
    [
      0.07011904838747228,
      0.48255662484570044,
      0.8730535051591977
    ],
    [
      0.09332599929038514,
      0.839786487433233,
      0.5348354077480316
    ],
    [
      0.10421309852406065,
      0.9016294325218419,
      0.4197665976544058
    ],
    [
      0.11037529926937924,
      0.9932032400147405,
      -0.03694072732658201
    ],
    [
      0.12765640788428595,
      0.00159046979358376,
      0.9918171766671096
    ],
    [
      0.2038469753647558,
      0.9482452418309764,
      0.2434694477332911
    ],
    [
      0.22785095455145266,
      0.1373559497851816,
      0.9639591721481789
    ],
    [
      0.2415417621457267,
      0.9555419942752716,
      0.1691066950654938
    ],
    [
      0.24738622639768457,
      0.9380195458545543,
      0.24273315921713123
    ],
    [
      0.2474525492937142,
      0.3428644767476816,
      0.9062070328752588
    ],
    [
      0.2752110795880905,
      0.48113723878131776,
      0.8323255487667353
    ],
    [
      0.28644418548421774,
      0.6139483973863205,
      0.7355386420501997
    ],
    [
      0.2910441830846643,
      0.508817431414122,
      0.8101839945232908
    ],
    [
      0.3170992190136747,
      0.003950735711343268,
      0.9483841399919426
    ],
    [
      0.3536831343809158,
      0.9212682573459873,
      -0.1617808346534874
    ],
    [
      0.3604438925749932,
      0.8144891839614659,
      0.4546290460531225
    ],
    [
      0.3652642662831257,
      0.17876325563316586,
      0.9135785210982585
    ],
    [
      0.38243055264186876,
      0.9112830992966535,
      0.15267607979746017
    ],
    [
      0.38276510474679876,
      0.9120802941780529,
      0.1469707847167207
    ],
    [
      0.4189056330164511,
      0.6597060102481781,
      0.6239439483395259
    ],
    [
      0.41909174907288077,
      0.8982577435327331,
      -0.1322691651236832
    ],
    [
      0.4214280103248315,
      0.3538780691464279,
      0.834966313267098
    ],
    [
      0.4221254758986353,
      0.33513678020166615,
      0.84231432443798
    ],
    [
      0.42533708929820757,
      0.022640543851176812,
      0.9047517705102608
    ],
    [
      0.4336743659860211,
      0.8437768233207581,
      0.3161759268403476
    ],
    [
      0.48748430699993733,
      0.7651294052008693,
      0.4206376632278129
    ],
    [
      0.49885254178784916,
      0.2138506723263724,
      0.8398892971680022
    ],
    [
      0.49922386668759766,
      0.21298239230538035,
      0.8398892971680022
    ],
    [
      0.49936651853846536,
      0.212647710228471,
      0.8398892971680022
    ],
    [
      0.49936651853846536,
      0.212647710228471,
      0.8398892971680022
    ],
    [
      0.5125935309344447,
      0.7932129132620098,
      0.3287265524391873
    ],
    [
      0.5260473008804627,
      0.2105438581065414,
      0.823981505283943
    ],
    [
      0.5510925687097158,
      0.8239981642021913,
      0.13162069025934212
    ],
    [
      0.5593451835992721,
      -0.00017774669109156676,
      0.8289348189033987
    ],
    [
      0.5665567612502876,
      -0.008241069808709447,
      0.823981505283943
    ],
    [
      0.5665567612502876,
      -0.008241069808709447,
      0.823981505283943
    ],
    [
      0.5750414739874602,
      0.3518251161329194,
      0.7386111228869945
    ],
    [
      0.5751682084669614,
      -0.00018277487475302882,
      0.8180351450654496
    ],
    [
      0.5775762253409535,
      0.8076372973582556,
      -0.11886000099591378
    ],
    [
      0.5998124465935065,
      0.5180416901936847,
      0.6098014727210671
    ],
    [
      0.6013107629649134,
      0.5193357452768973,
      0.6072196884326491
    ],
    [
      0.6016395470128452,
      0.6718134398572633,
      0.43208397042395563
    ],
    [
      0.6052833391574358,
      0.7673118490288767,
      0.2118126664727837
    ],
    [
      0.6251281524105728,
      0.2637793525964705,
      0.7345986973903033
    ],
    [
      0.6522565246901872,
      0.3665583722267781,
      0.6634729728855078
    ],
    [
      0.6582306982773016,
      0.637299593775027,
      0.4007263101164702
    ],
    [
      0.661924370582347,
      0.5188976169418317,
      0.5409264189899139
    ],
    [
      0.6924990387046145,
      0.0068118859308557295,
      0.7213866366957804
    ],
    [
      0.6988423154786858,
      0.22898375711038843,
      0.6776325383834514
    ],
    [
      0.7104465524206071,
      -0.002659430662559707,
      0.7037461357494083
    ],
    [
      0.7282626367225319,
      0.2906061934427627,
      0.6206299801706755
    ],
    [
      0.7326301502084069,
      0.6801854463041359,
      -0.02451166337991985
    ],
    [
      0.7341480726037657,
      0.3578209931473515,
      0.5770535021600848
    ],
    [
      0.7742722579220064,
      0.6120164058998662,
      0.161053995671539
    ],
    [
      0.7742722579220064,
      0.6120164058998662,
      0.161053995671539
    ],
    [
      0.7878684760564011,
      0.3748358563433919,
      0.4886321164596944
    ],
    [
      0.7881522280631655,
      0.3749708540361249,
      0.4880706137665811
    ],
    [
      0.7932278600396941,
      0.5082444311358818,
      0.33537614744673055
    ],
    [
      0.8084090574422682,
      0.48478689129422314,
      0.3338509635669584
    ],
    [
      0.8098362679141681,
      0.4785714271880712,
      0.33931491014988513
    ],
    [
      0.8148632752997305,
      0.3124970852375574,
      0.48820427516135756
    ],
    [
      0.8349745849923547,
      0.5266975824299378,
      -0.15939604474171853
    ],
    [
      0.8410641345140832,
      -0.0006278055362272542,
      0.5409350492381546
    ],
    [
      0.8443948210085417,
      0.4790879770476025,
      0.2397333862906639
    ],
    [
      0.8470608499342687,
      0.4806006135216767,
      0.22696027580002281
    ],
    [
      0.8752101331091648,
      0.24961563880407198,
      0.4143660890655427
    ],
    [
      0.8775296371571091,
      0.3512202706879301,
      0.32647520176700956
    ],
    [
      0.9061451697442485,
      -0.05653178510927123,
      0.4191719081970142
    ],
    [
