{
  "implementation": "nsga3_deap_func",
  "elapsed_time": 0.4058051109313965,
  "hypervolume": 0.7122646847035483,
  "points_per_niche": [
    2.0,
    3.0,
    2.0,
    0.0,
    2.0,
    0.0,
    4.0,
    0.0,
    2.0,
    0.0,
    1.0,
    2.0,
    1.0,
    5.0,
    0.0,
    3.0,
    3.0,
    2.0,
    1.0,
    0.0,
    0.0,
    1.0,
    4.0,
    2.0,
    1.0,
    0.0,
    1.0,
    1.0,
    0.0,
    0.0,
    0.0,
    1.0,
    2.0,
    2.0,
    6.0,
    1.0,
    1.0,
    0.0,
    2.0,
    0.0,
    4.0,
    2.0,
    1.0,
    2.0,
    0.0,
    0.0,
    1.0,
    0.0,
    4.0,
    1.0,
    1.0,
    1.0,
    4.0,
    2.0,
    2.0,
    0.0,
    1.0,
    1.0,
    0.0,
    0.0,
    0.0,
    1.0,
    0.0,
    0.0,
    1.0,
    0.0
  ],
  "points_out_r": 13,
  "analyze_niche": {
    "coverage": 0.6515151515151515,
    "empty_ratio": 0.3484848484848485,
    "outside_rate": 0.13,
    "entropy_norm": 0.8579280471696074,
    "gini": 36.356321839080465,
    "chi2": 97.34482758620689,
    "avg_active": 2.0232558139534884,
    "max_density": 6.0,
    "std_density": 1.394351059107088,
    "CUS": -20.040606060606063
  },
  "pareto_front": [
    [
      0.2019827567304509,
      0.7773727230242284,
      0.5957303211029834
    ],
    [
      0.16528522025783485,
      0.24379419341027642,
      0.9556386279466479
    ],
    [
      0.09855867832812693,
      0.9570074929598579,
      0.27280550827448574
    ],
    [
      0.6661515342158836,
      0.27667977509482533,
      0.6925968780721591
    ],
    [
      0.13085272655528968,
      0.8717544620365778,
      0.4721458692738544
    ],
    [
      0.7136907866317619,
      0.6147370714928926,
      0.33577342659787607
    ],
    [
      0.7931614405121727,
      0.4885036815403073,
      0.3636744181355367
    ],
    [
      0.10313147441579218,
      0.5990754982869434,
      0.7940229507621774
    ],
    [
      0.9718107692266943,
      0.19068576748527843,
      0.13864619321701893
    ],
    [
      0.2634901746758239,
      0.5030504108259077,
      0.8231119073474695
    ],
    [
      0.28757576804348667,
      0.1507293123538917,
      0.9458228438938878
    ],
    [
      0.10892972241350306,
      0.3559699976167665,
      0.9281269721173049
    ],
    [
      0.24499490233427576,
      0.6287335761107863,
      0.7380186908887612
    ],
    [
      0.49364298935289724,
      0.6943474771407602,
      0.5236393606777445
    ],
    [
      0.513934536856266,
      0.5164824835064197,
      0.6849212626699336
    ],
    [
      0.5037246179678739,
      0.7900904768980135,
      0.34931153368903944
    ],
    [
      0.28475650245431233,
      0.2827824472956407,
      0.9159409488670519
    ],
    [
      0.9553762204856974,
      0.12675358256148547,
      0.26681417997979956
    ],
    [
      0.13696679282761495,
      0.048467348738172204,
      0.9893892124784915
    ],
    [
      0.877369526715294,
      0.16782474487229904,
      0.4495081407493403
    ],
    [
      0.3388773000905041,
      0.8066407637308317,
      0.48424462182982575
    ],
    [
      0.9902593009592147,
      0.12895351946111133,
      0.05251196703952794
    ],
    [
      0.5239439169070852,
      0.836002593842741,
      0.1630412065223714
    ],
    [
      0.018517118859130762,
      0.4810776360970797,
      0.8764824153149923
    ],
    [
      0.8840352870673478,
      0.4160998421312424,
      0.21293786088459507
    ],
    [
      0.8179513877149256,
      -0.010003275744815493,
      0.5752003666633052
    ],
    [
      0.7309653118506275,
      0.6621907545131788,
      0.1649033580870381
    ],
    [
      0.3377097083202429,
      0.9081630584454642,
      0.24737019258842957
    ],
    [
      0.7177152083001976,
      0.17631232323950874,
      0.6736459340399011
    ],
    [
      0.8823069134541394,
      -0.023571243249809134,
      0.470083936082364
    ],
    [
      0.03741996262283248,
      0.8479688745490674,
      0.5287234950267423
    ],
    [
      0.555208408039551,
      -0.017247907079505576,
      0.8315324006577038
    ],
    [
      0.6716849011250733,
      0.7405989241430355,
      0.018778369438767786
    ],
    [
      0.4085965049519426,
      0.21344438332194815,
      0.8874065535983889
    ],
    [
      0.002864459789562405,
      0.1729605986459382,
      0.9849245789329012
    ],
    [
      0.06454552309178221,
      0.01163500980762774,
      0.9978469331493607
    ],
    [
      0.6242915383503569,
      0.765932953299263,
      0.1536450005513156
    ],
    [
      0.0001865855194819947,
      0.9717831292750861,
      0.23587605822161195
    ],
    [
      0.7205906888066794,
      0.48137560491291614,
      0.4990256368162255
    ],
    [
      0.8780353006597607,
      0.3340985963330197,
      0.3426837298787756
    ],
    [
      0.00038576786632245157,
      0.013881598295444612,
      0.9999035715567363
    ],
    [
      0.01560758973154111,
      0.05825600570761727,
      0.9981796636586853
    ],
    [
      0.05048798542935648,
      0.9987190450634618,
      0.0033514705447285796
    ],
    [
      0.4715859915509919,
      0.25623288915689835,
      0.8437721013918251
    ],
    [
      0.5349792036986262,
      0.07421808262715354,
      0.8415990303114262
    ],
    [
      0.48359257976550774,
      0.7132409672266925,
      0.5073712048049961
    ],
    [
      0.30428506851860837,
      0.05632234457347318,
      0.95091450224422
    ],
    [
      0.7135680947526015,
      0.522121045534547,
      0.46712973354417686
    ],
    [
      0.05467802556497236,
      0.9492181466620985,
      0.30983095966621377
    ],
    [
      0.4740305891317472,
      0.771258621511412,
      0.4248001168923158
    ],
    [
      0.13273330917358686,
      0.186250140363134,
      0.973495122663972
    ],
    [
      0.08545297987924257,
      0.8613563062337741,
      0.5007625205035482
    ],
    [
      0.6292791190031665,
      0.7367225568378326,
      0.24748265521633053
    ],
    [
      0.09238787588962956,
      0.8180684768348334,
      0.5676516956706268
    ],
    [
      0.1481337112528824,
      0.6918727703931843,
      0.7066600831934033
    ],
    [
      0.06132992254833458,
      0.4990391247479956,
      0.864406497297984
    ],
    [
      0.8561797481947613,
      0.3770520251108163,
      0.3532534630275938
    ],
    [
      0.3027062306097525,
      0.19726143735092674,
      0.9324467080130004
    ],
    [
      0.21757450886916008,
      0.6759821909270473,
      0.704066339658283
    ],
    [
      0.4532638464931019,
      0.4766933339915793,
      0.7532033927102761
    ],
    [
      0.05696481314364895,
      0.06214228259975384,
      0.9964403377908793
    ],
    [
      0.4192026939251492,
      0.24947233061190308,
      0.8729448193700236
    ],
    [
      0.018372452539998495,
      0.029597746888717247,
      0.9993930289764767
    ],
    [
      0.8554211028277345,
      0.4023596236155176,
      0.32613106279678644
    ],
    [
      0.2493797098933983,
      0.43014936645359386,
      0.867629692226503
    ],
    [
      0.012419808966793363,
      0.7782936695915647,
      0.6277775977357942
    ],
    [
      0.8410867834236393,
      0.5211089442873246,
      0.14497755320678443
    ],
    [
      0.8294923078346255,
      0.5476216666600061,
      0.10978625345508396
    ],
    [
      0.8708747363386885,
      0.19107940379575342,
      0.4528419758062179
    ],
    [
      0.050066709270117166,
      0.2075592250623145,
      0.9769403731622484
    ],
    [
      0.6523899509003609,
      0.37061898931959303,
      0.6610816263669321
    ],
    [
      0.8487198117678623,
      0.4580381963504225,
      0.26434010629637017
    ],
    [
      0.45664461574939297,
      0.6934715032123142,
      0.5572907402241155
    ],
    [
      0.21878247645837517,
      0.3480355633501063,
      0.9115950167910719
    ],
    [
      0.07345124540554258,
      0.2224210217994092,
      0.9721799234761441
    ],
    [
