{
  "implementation": "nsga3_func",
  "elapsed_time": 3.3188154697418213,
  "hypervolume": 0.7338748911291544,
  "points_per_niche": [
    2.0,
    2.0,
    2.0,
    2.0,
    2.0,
    2.0,
    2.0,
    2.0,
    2.0,
    2.0,
    2.0,
    2.0,
    1.0,
    1.0,
    2.0,
    0.0,
    0.0,
    0.0,
    0.0,
    0.0,
    2.0,
    2.0,
    0.0,
    2.0,
    4.0,
    2.0,
    6.0,
    4.0,
    2.0,
    1.0,
    2.0,
    0.0,
    4.0,
    2.0,
    1.0,
    2.0,
    0.0,
    2.0,
    1.0,
    0.0,
    2.0,
    1.0,
    1.0,
    0.0,
    1.0,
    1.0,
    0.0,
    2.0,
    2.0,
    0.0,
    2.0,
    1.0,
    0.0,
    2.0,
    0.0,
    0.0,
    1.0,
    0.0,
    1.0,
    1.0,
    1.0,
    0.0,
    1.0,
    1.0,
    1.0,
    1.0
  ],
  "points_out_r": 10,
  "analyze_niche": {
    "coverage": 0.7424242424242424,
    "empty_ratio": 0.25757575757575757,
    "outside_rate": 0.1,
    "entropy_norm": 0.9021343560006573,
    "gini": 28.26666666666667,
    "chi2": 64.00000000000001,
    "avg_active": 1.836734693877551,
    "max_density": 6.0,
    "std_density": 1.1499191491521379,
    "CUS": -18.219090909090912
  },
  "pareto_front": [
    [
      2.5372750493276654e-17,
      0.4143684613546069,
      0.9101092122567574
    ],
    [
      2.547128834955962e-17,
      0.41597770667091477,
      0.909374811369221
    ],
    [
      3.0564421851479924e-17,
      5.305860508474965e-17,
      1.0
    ],
    [
      3.0653969773409957e-17,
      5.3006920244299354e-17,
      1.0
    ],
    [
      3.451636228492186e-17,
      0.5636949740766644,
      0.825983036266913
    ],
    [
      4.242186276230151e-17,
      0.6928015945795517,
      0.7211282483359187
    ],
    [
      5.144899135224041e-17,
      0.8402257922539168,
      0.5422366808242299
    ],
    [
      5.1451919407317655e-17,
      0.8402736110222226,
      0.5421625758199052
    ],
    [
      5.4965241788407363e-17,
      0.8976505197527369,
      0.44070800354388984
    ],
    [
      5.4965241788407363e-17,
      0.8976505197527369,
      0.44070800354388984
    ],
    [
      6.089161795466894e-17,
      0.994435587421027,
      0.10534639277448979
    ],
    [
      6.123233995736766e-17,
      1.0,
      0.0
    ],
    [
      6.123233995736766e-17,
      1.0,
      0.0
    ],
    [
      0.0005890626637589779,
      0.9936916904760693,
      0.1121448941503345
    ],
    [
      0.0020417257377493675,
      0.30715349640179596,
      0.9516577961663341
    ],
    [
      0.004482914797767646,
      0.560256278346571,
      0.8283071930438403
    ],
    [
      0.009326513906796719,
      0.7090615480889777,
      0.7050849148577841
    ],
    [
      0.024130373991698238,
      0.9596311258072978,
      0.28022460176229896
    ],
    [
      0.0261866487353776,
      0.9599186329381554,
      0.27905282217915844
    ],
    [
      0.034273291627383615,
      0.10729742099464702,
      0.9936360525508934
    ],
    [
      0.03885629239980083,
      0.11137843691440925,
      0.9930181430021529
    ],
    [
      0.0494219647269747,
      0.279808766325873,
      0.9587828344780265
    ],
    [
      0.10600653005772138,
      0.9943654336234348,
      0.0
    ],
    [
      0.10600653005772138,
      0.9943654336234348,
      0.0
    ],
    [
      0.11101500868634016,
      0.00010176040558460884,
      0.9938187246632012
    ],
    [
      0.11101500868634016,
      0.00010176040558460884,
      0.9938187246632012
    ],
    [
      0.1689682430293151,
      0.18912242605526347,
      0.9673067976658479
    ],
    [
      0.1821951571467391,
      0.20392701916852582,
      0.961882890774815
    ],
    [
      0.2014843028059969,
      0.9651174587084501,
      0.1671896127722192
    ],
    [
      0.2014843028059969,
      0.9651174587084501,
      0.1671896127722192
    ],
    [
      0.20415485256980045,
      0.37820815818941406,
      0.9029282281838209
    ],
    [
      0.20752650880421847,
      0.37065386092627656,
      0.9052891601714764
    ],
    [
      0.22668047761303492,
      0.915843292369523,
      0.3314317801461994
    ],
    [
      0.22668047761303492,
      0.915843292369523,
      0.3314317801461994
    ],
    [
      0.23517059141193172,
      0.8170339806092046,
      0.5264506315551728
    ],
    [
      0.2526316737698134,
      0.4731956576223983,
      0.8439568158475697
    ],
    [
      0.25675052765549256,
      0.7551934659221095,
      0.6031268486621847
    ],
    [
      0.2590091138331495,
      0.4697352147069644,
      0.8439568158475697
    ],
    [
      0.27215109530393883,
      0.02108909913945671,
      0.9620234047165134
    ],
    [
      0.2743108899408475,
      0.01961868192119492,
      0.9614409201711436
    ],
    [
      0.2744375443051815,
      0.5768408931313691,
      0.7693754728915825
    ],
    [
      0.2744375443051815,
      0.5768408931313691,
      0.7693754728915825
    ],
    [
      0.29365144319275904,
      0.8219951834753317,
      0.4879474851397081
    ],
    [
      0.3000210880438938,
      0.9539325692764234,
      1.624672753922438e-06
    ],
    [
      0.31133661674470403,
      0.7377655663115026,
      0.5989753586242335
    ],
    [
      0.3221825710895842,
      0.9466732879244656,
      0.0028419740299508423
    ],
    [
      0.3313772259895378,
      0.22645420103388678,
      0.9159190078438064
    ],
    [
      0.33168113377897995,
      0.9148836073922273,
      0.23016431178633096
    ],
    [
      0.33168113377897995,
      0.9148836073922273,
      0.23016431178633096
    ],
    [
      0.335636659272135,
      0.22009180816890475,
      0.9159190078438064
    ],
    [
      0.3415395891384721,
      0.8409756255796872,
      0.41965546133939147
    ],
    [
      0.3415395891384721,
      0.8409756255796872,
      0.41965546133939147
    ],
    [
      0.3581368386891852,
      0.3696833023170888,
      0.8573635522703589
    ],
    [
      0.36366545322314053,
      0.6607984128885116,
      0.6565766487288685
    ],
    [
      0.36366545322314053,
      0.6607984128885116,
      0.6565766487288685
    ],
    [
      0.3750101333726021,
      0.3567377859003286,
      0.8556316684057425
    ],
    [
      0.37992770655882124,
      0.5254052702644154,
      0.7613174369258403
    ],
    [
      0.37992770655882124,
      0.5254052702644154,
      0.7613174369258403
    ],
    [
      0.3910696656827891,
      0.7732947926629113,
      0.49907883167208816
    ],
    [
      0.40219809206141427,
      0.7779229466987402,
      0.4827759146246911
    ],
    [
      0.41689021871688625,
      0.9089568447061647,
      0.0
    ],
    [
      0.4171226651031282,
      0.0,
      0.908850197918922
    ],
    [
      0.4171226651031282,
      0.0,
      0.908850197918922
    ],
    [
      0.45305576510612616,
      0.2721784738079912,
      0.8489165754652546
    ],
    [
      0.4548534715460389,
      0.2907749659243057,
      0.8417590145726006
    ],
    [
      0.4580307092748459,
      0.8490973557017899,
      0.26313789142084726
    ],
    [
      0.48902484596722523,
      0.539586815382694,
      0.68534718843218
    ],
    [
      0.49585223106589044,
      0.5333196004790042,
      0.68534718843218
    ],
    [
      0.5112111609042251,
      0.6861685055718694,
      0.5175286764308059
    ],
    [
      0.5227682857642331,
      0.7659691206991696,
      0.37417191975676956
    ],
    [
      0.5427634752943886,
      0.36236944190121756,
      0.7576913602929347
    ],
    [
      0.5427634752943886,
      0.36236944190121756,
      0.7576913602929347
    ],
    [
      0.5466714375571525,
      0.8373472035895243,
      0.0
    ],
    [
      0.5517467762843413,
      0.0022984324015896044,
      0.8340085203811364
    ],
    [
      0.5851952079559954,
      0.28188696046715783,
      0.7603198735426598
    ],
    [
      0.6056877775220725,
      0.7378590380715497,
      0.2978361228872344
    ],
    [
      0.6158163686198946,
      0.6829694049392196,
      0.3928396518387296
