{
  "implementation": "nsga3_pymoo_func",
  "elapsed_time": 1.5326991081237793,
  "hypervolume": 0.7308947711626005,
  "points_per_niche": [
    1.0,
    1.0,
    1.0,
    1.0,
    1.0,
    1.0,
    1.0,
    1.0,
    1.0,
    1.0,
    1.0,
    1.0,
    1.0,
    1.0,
    1.0,
    1.0,
    1.0,
    1.0,
    1.0,
    1.0,
    1.0,
    1.0,
    1.0,
    1.0,
    1.0,
    1.0,
    1.0,
    1.0,
    1.0,
    1.0,
    1.0,
    1.0,
    1.0,
    1.0,
    1.0,
    1.0,
    1.0,
    1.0,
    1.0,
    1.0,
    1.0,
    1.0,
    1.0,
    1.0,
    1.0,
    1.0,
    1.0,
    1.0,
    1.0,
    1.0,
    1.0,
    1.0,
    1.0,
    1.0,
    1.0,
    1.0,
    1.0,
    1.0,
    1.0,
    1.0,
    1.0,
    1.0,
    1.0,
    1.0,
    1.0,
    1.0
  ],
  "points_out_r": 0,
  "analyze_niche": {
    "coverage": 1.0,
    "empty_ratio": 0.0,
    "outside_rate": 0.0,
    "entropy_norm": 0.9999999999999998,
    "gini": 0.0,
    "chi2": 0.0,
    "avg_active": 1.0,
    "max_density": 1.0,
    "std_density": 0.0,
    "CUS": 1.0
  },
  "pareto_front": [
    [
      0.1106129201281199,
      0.9938635568428732,
      0.000110816799815041
    ],
    [
      0.9032620366761542,
      0.300610548350547,
      0.30618783666244703
    ],
    [
      0.3915926387000737,
      0.920096485893672,
      0.008812602454965778
    ],
    [
      0.7984330954107368,
      0.31127748481252887,
      0.5153745430282866
    ],
    [
      0.9180642298826834,
      0.0,
      0.3964316710480071
    ],
    [
      0.6966374740988518,
      0.36072225227817467,
      0.6201416663896504
    ],
    [
      0.0004234239680552098,
      0.7049293387401104,
      0.7092774126500674
    ],
    [
      0.4871282861440164,
      0.8084409941350343,
      0.33034707784442496
    ],
    [
      0.31884608592026786,
      0.6714993830061564,
      0.6688989102365741
    ],
    [
      0.6224723436480194,
      0.7678700886720764,
      0.15133971162943122
    ],
    [
      0.8304203671972061,
      0.5571373383144028,
      0.0
    ],
    [
      0.23988996745156457,
      0.9707935723070672,
      0.0035557676204069637
    ],
    [
      0.2421228905525167,
      0.005436809530744066,
      0.9702303576845143
    ],
    [
      0.9946114715167886,
      0.10367266142628148,
      0.0
    ],
    [
      0.11755904054295505,
      0.9869250685373451,
      0.11026686301503552
    ],
    [
      0.39258688788297,
      0.009594059412333949,
      0.9196648789022863
    ],
    [
      0.9490075786453995,
      0.2860611942923806,
      0.13249003280855842
    ],
    [
      0.795246218780224,
      0.4898303464799264,
      0.35728095832707274
    ],
    [
      0.01222369552045356,
      0.9993015811293068,
      0.035311913291280805
    ],
    [
      0.28747271306212424,
      0.15005031828199203,
      0.9459621246266546
    ],
    [
      0.914399122580457,
      0.40480589721429344,
      0.002535784813678034
    ],
    [
      0.5062968568964776,
      0.5153383386887735,
      0.6914404452837877
    ],
    [
      0.12667833369525136,
      0.27064605424737675,
      0.9543077664425248
    ],
    [
      0.5805652563848583,
      0.03651238643757324,
      0.8133946328292418
    ],
    [
      0.1205483027707711,
      0.12444785765910611,
      0.9848760518071019
    ],
    [
      0.12094425437664123,
      0.9587015522069297,
      0.2574176006595159
    ],
    [
      0.8860305995084341,
      0.13893805632441883,
      0.44231888184828544
    ],
    [
      0.9680641253912831,
      0.24962119729268348,
      0.023261706570614295
    ],
    [
      0.43660369951084976,
      0.881237800127822,
      0.1810998321349752
    ],
    [
      0.004433314475505304,
      0.9683792789783924,
      0.2494432155181823
    ],
    [
      0.44996348713641576,
      0.16187944508074767,
      0.8782527571857579
    ],
    [
      0.10924990807680664,
      0.018305982680581163,
      0.9938457368139724
    ],
    [
      0.7705724314317313,
      0.6195870568802045,
      0.1494322818667907
    ],
    [
      0.0014392793166424307,
      0.12532065497775358,
      0.9921152462849241
    ],
    [
      0.12528029463302567,
      0.4404584971097326,
      0.8889888413813178
    ],
    [
      0.0048565392830204205,
      0.992277285073241,
      0.12394435668424199
    ],
    [
      0.9734866361460889,
      0.0,
      0.22874389444304832
    ],
    [
      0.2947311964156567,
      0.31103383067196694,
      0.9035438440036642
    ],
    [
      1.0,
      0.0,
      0.0
    ],
    [
      0.7701920218015126,
      0.15866524826616468,
      0.6177617571086241
    ],
    [
      0.6122454797030331,
      0.14684266156369247,
      0.7769122893403694
    ],
    [
      0.8873789944152699,
      0.4432766234097669,
      0.12674523821027797
    ],
    [
      0.7040309856345646,
      0.5181434776906282,
      0.48566213337369135
    ],
    [
      0.7100392412707738,
      0.7041621090740567,
      0.0
    ],
    [
      0.00037547637741961257,
      0.5559178846715942,
      0.8312371289347885
    ],
    [
      0.14434298309376778,
      0.8833890903245095,
      0.4458573968515358
    ],
    [
      0.9545520047203694,
      0.13162273853772802,
      0.2674059180051048
    ],
    [
      0.1577412438218515,
      0.6230973320529031,
      0.7660727216042152
    ],
    [
      0.000426452386355061,
      0.8337061631343528,
      0.5522081597460853
    ],
    [
      0.5544072158984158,
      0.832245422719214,
      0.00044195326010627845
    ],
    [
      0.15275631807500867,
      0.769325450069981,
      0.620325607373086
    ],
    [
      0.9936441055717963,
      0.0,
      0.11256727527316661
    ],
    [
      0.5154180003817634,
      0.6852661072879525,
      0.5145431440461344
    ],
    [
      0.6537483452291477,
      0.6672936878999735,
      0.35683642639030533
    ],
    [
      0.98457164532013,
      0.12484158423614017,
      0.122610171180954
    ],
    [
      0.0010519823159046275,
      0.2382450446276359,
      0.9712045057780482
    ],
    [
      0.7111104787451424,
      0.00467581593723936,
      0.70306473653866
    ],
    [
      0.30797279268544886,
      0.8962204829386687,
      0.3192829543315848
    ],
    [
      3.6106906389264326e-17,
      4.945392570516063e-17,
      1.0
    ],
    [
      0.008567884311203365,
      0.407941378036237,
      0.9129679202712031
    ],
    [
      0.4953998591957343,
      0.32314299881583003,
      0.8063234970067281
    ],
    [
      0.27431775020056703,
      0.9506239489816808,
      0.14513400548243013
    ],
    [
      5.627299549697802e-17,
      0.9190077585824333,
      0.3942394445832278
    ],
    [
      0.34044805555656127,
      0.46121322349738736,
      0.8193762773835386
    ],
    [
      0.8448566424824383,
      0.0,
      0.5349927603746628
    ],
    [
      0.3259375435390412,
      0.8087953173715284,
      0.4895047010087074
    ]
  ]
}