{
  "implementation": "nsga3_deap_func",
  "elapsed_time": 0.04865765571594238,
  "hv_elapsed_time": 6.842613220214844e-05,
  "count_elapsed_time": 0.0006206035614013672,
  "analyze_elapsed_time": 8.368492126464844e-05,
  "gd_elapsed_time": 0.0018849372863769531,
  "igd_elapsed_time": 0.004718303680419922,
  "worst_point": [
    1.0999800798074066,
    1.0999974871993434
  ],
  "delta": 0.1,
  "hypervolume": 0.4155187098961925,
  "gd": 0.0016584059328102788,
  "igd": 0.008339784201961,
  "points_per_niche": [
    2.0,
    11.0,
    5.0,
    15.0,
    15.0,
    10.0,
    9.0,
    9.0,
    4.0,
    13.0,
    7.0
  ],
  "points_out_r": 0,
  "niche_metrics": {
    "coverage": 1.0,
    "empty_ratio": 0.0,
    "outside_rate": 0.0,
    "entropy_norm": 0.9524118912761819,
    "gini": 2.8400000000000007,
    "chi2": 20.56,
    "avg_active": 9.090909090909092,
    "max_density": 15.0,
    "std_density": 4.122103290456231,
    "CUS": -1.8400000000000007
  },
  "pareto_front": [
    [
      0.7187718604955095,
      0.6952460086615556
    ],
    [
      0.9677752030593505,
      0.25181571901577715
    ],
    [
      0.23750205499683807,
      0.9713870360841136
    ],
    [
      0.9999800798074067,
      0.006311892614155065
    ],
    [
      0.836291295870033,
      0.5482853896029155
    ],
    [
      0.9948874612232225,
      0.10098979899381405
    ],
    [
      0.3974230052596002,
      0.9176355239911039
    ],
    [
      0.11060555816740424,
      0.9938643823492604
    ],
    [
      0.002241783887724591,
      0.9999974871993433
    ],
    [
      0.5541484959518728,
      0.8324178304399042
    ],
    [
      0.9193594600973043,
      0.3934185851349593
    ],
    [
      0.8741247644854034,
      0.4857014475100296
    ],
    [
      0.544815660400361,
      0.8385558396329481
    ],
    [
      0.3103543149763528,
      0.9506209545216004
    ],
    [
      0.9800781796555181,
      0.1986120886631172
    ],
    [
      0.3548351132356201,
      0.9349288969836501
    ],
    [
      0.7709418890925318,
      0.6369054903535049
    ],
    [
      0.07113417799601217,
      0.9974667556970667
    ],
    [
      0.030963636656547385,
      0.9995205116479607
    ],
    [
      0.9974583592537061,
      0.07125181790596362
    ],
    [
      0.879642929682201,
      0.47563464577353315
    ],
    [
      0.999735616639029,
      0.022993408259334634
    ],
    [
      0.7827915790488149,
      0.6222839735765842
    ],
    [
      0.9726433159364317,
      0.23230363743209584
    ],
    [
      0.1249780526836422,
      0.9921595065045765
    ],
    [
      0.5877534064225751,
      0.8090401307961548
    ],
    [
      0.42220143041488606,
      0.9065020420030084
    ],
    [
      0.998904937428814,
      0.046785959222154144
    ],
    [
      0.7543550344212392,
      0.6564666648378508
    ],
    [
      0.985999259015124,
      0.1667496963164447
    ],
    [
      0.30191906768466786,
      0.9533335599717556
    ],
    [
      0.8826735539412451,
      0.4699865925457149
    ],
    [
      0.6101219854001692,
      0.7923074926638999
    ],
    [
      0.8067557144191593,
      0.5908851134121014
    ],
    [
      0.058644031955184056,
      0.9982789577648321
    ],
    [
      0.9877445711232642,
      0.15607902554961997
    ],
    [
      0.9558608959088256,
      0.2938195835412901
    ],
    [
      0.7491953825839691,
      0.6623490610809832
    ],
    [
      0.4282825581719212,
      0.9036448696062602
    ],
    [
      0.9991010626069546,
      0.04239182347639722
    ],
    [
      0.22514600884918845,
      0.974325035447248
    ],
    [
      0.9404090778259566,
      0.3400452416113684
    ],
    [
      0.2317169240139608,
      0.9727832580413318
    ],
    [
      0.9889507506715443,
      0.14824443580178343
    ],
    [
      0.481571702207202,
      0.8764066953379909
    ],
    [
      0.06708256893256967,
      0.9977474274311144
    ],
    [
      0.7945617958994046,
      0.6071832939871723
    ],
    [
      0.9996954889721069,
      0.024676493446597173
    ],
    [
      0.4107568491652008,
      0.9117449264261779
    ],
    [
      0.7240346600898909,
      0.6897635906515478
    ],
    [
      0.8982998905852478,
      0.4393828701423529
    ],
    [
      0.4360118931673633,
      0.8999409030689803
    ],
    [
      0.6683159649884165,
      0.7438775241540786
    ],
    [
      0.8948052284990653,
      0.4464567202436711
    ],
    [
      0.8721736162487086,
      0.489196466789827
    ],
    [
      0.5540173649232684,
      0.8325051107131284
    ],
    [
      0.9870813909434724,
      0.16021962318361627
    ],
    [
      0.062107565596649976,
      0.9980694616586853
    ],
    [
      0.9990241986931835,
      0.044166168335531976
    ],
    [
      0.9996059849952826,
      0.02806910689015241
    ],
    [
      0.3657515791053822,
      0.9307125132831939
    ],
    [
      0.09433188049018934,
      0.9955408059558305
    ],
    [
      0.48743173612604984,
      0.8731610977460831
    ],
    [
      0.7907089366568771,
      0.6121922716687549
    ],
    [
      0.9443316418921974,
      0.32899506093737435
    ],
    [
      0.9890093216593258,
      0.14785317605976622
    ],
    [
      0.7298216918796977,
      0.6836375487506926
    ],
    [
      0.9979097447382375,
      0.06462307139455557
    ],
    [
      0.908220463150854,
      0.41849204331032164
    ],
    [
      0.06578164357614762,
      0.9978340419971753
    ],
    [
      0.4932913575169284,
      0.8698641483582974
    ],
    [
      0.811412270287994,
      0.5844742317896344
    ],
    [
      0.7732841961935871,
      0.6340595807313677
    ],
    [
      0.4392963050030095,
      0.8983422267770245
    ],
    [
      0.6556925719977732,
      0.7550279802940716
    ],
    [
      0.07835610536518503,
      0.9969254338976411
    ],
    [
      0.9974092023811546,
      0.0719366596763355
    ],
    [
      0.5434760036016529,
      0.8394247038949807
    ],
    [
      0.8061993212640725,
      0.5916440267537135
    ],
    [
      0.9433317111072848,
      0.3318512962448727
    ],
    [
      0.39749227445965923,
      0.917605520768531
    ],
    [
      0.9964971092691658,
      0.08362721577450923
    ],
    [
      0.34290847127764273,
      0.9393688201798216
    ],
    [
      0.5694416293130586,
      0.8220317699488805
    ],
    [
      0.09692539556107102,
      0.9952916495657591
    ],
    [
      0.7346028388984702,
      0.6784973611461641
    ],
    [
      0.986466928836846,
      0.16396035591325436
    ],
    [
      0.5720191183994241,
      0.8202402868583971
    ],
    [
      0.15092002159449158,
      0.9885459762104736
    ],
    [
      0.3660325438848334,
      0.930602050726946
    ],
    [
      0.9970774965333946,
      0.07639676633666088
    ],
    [
      0.5066926806451507,
      0.8621267467029609
    ],
    [
      0.46930090912283134,
      0.8830383098691041
    ],
    [
      0.5949232543651147,
      0.8037825087768588
    ],
    [
      0.4048815543071321,
      0.9143691415297439
    ],
    [
      0.9967329834684536,
      0.08076731805672044
    ],
    [
      0.3810691221765617,
      0.9245465505444194
    ],
    [
      0.5118918310146247,
      0.8590499131834511
    ],
    [
      0.6214341330956444,
      0.7834664116754878
    ],
    [
      0.4189058154052133,
      0.9080296899439431
    ]
  ]
}