{
  "implementation": "nsga3_func",
  "elapsed_time": 0.5936005115509033,
  "hv_elapsed_time": 0.00013065338134765625,
  "count_elapsed_time": 0.0005595684051513672,
  "analyze_elapsed_time": 0.00014972686767578125,
  "gd_elapsed_time": 0.0018901824951171875,
  "igd_elapsed_time": 0.0046732425689697266,
  "worst_point": [
    1.0961442943188884,
    1.0999999957370417
  ],
  "delta": 0.1,
  "hypervolume": 0.41598613518518784,
  "gd": 0.002924624955843913,
  "igd": 0.01463491895232273,
  "points_per_niche": [
    4.0,
    6.0,
    9.0,
    3.0,
    8.0,
    6.0,
    13.0,
    19.0,
    19.0,
    11.0,
    2.0
  ],
  "points_out_r": 0,
  "niche_metrics": {
    "coverage": 1.0,
    "empty_ratio": 0.0,
    "outside_rate": 0.0,
    "entropy_norm": 0.9206747868236059,
    "gini": 3.7800000000000002,
    "chi2": 38.37999999999999,
    "avg_active": 9.090909090909092,
    "max_density": 19.0,
    "std_density": 5.631963091539468,
    "CUS": -2.7800000000000002
  },
  "pareto_front": [
    [
      9.233589084520041e-05,
      0.9999999957370416
    ],
    [
      9.233589084520041e-05,
      0.9999999957370416
    ],
    [
      9.233589084520041e-05,
      0.9999999957370416
    ],
    [
      0.019819900576008586,
      0.9998035664775142
    ],
    [
      0.08368344019442088,
      0.9964923892520338
    ],
    [
      0.10705995272741259,
      0.994252566766616
    ],
    [
      0.10766133435716523,
      0.9941876267005312
    ],
    [
      0.11003876900492085,
      0.9939272957897282
    ],
    [
      0.11003876900492085,
      0.9939272957897282
    ],
    [
      0.14575918614993352,
      0.9893200996911511
    ],
    [
      0.1938663784368688,
      0.9810279442053487
    ],
    [
      0.20747409419849577,
      0.978240512469461
    ],
    [
      0.22367692943189785,
      0.974663342513669
    ],
    [
      0.27055626275086314,
      0.9627041646769198
    ],
    [
      0.2715217792124579,
      0.9624322954957929
    ],
    [
      0.2715217792124579,
      0.9624322954957929
    ],
    [
      0.2715217792124579,
      0.9624322954957929
    ],
    [
      0.2715217792124579,
      0.9624322954957929
    ],
    [
      0.28288204478656176,
      0.9591547053199362
    ],
    [
      0.4161371144318514,
      0.9093018761623294
    ],
    [
      0.4161371144318514,
      0.9093018761623294
    ],
    [
      0.4161371144318514,
      0.9093018761623294
    ],
    [
      0.4897601435769233,
      0.8718572140915687
    ],
    [
      0.4897601435769233,
      0.8718572140915687
    ],
    [
      0.5486322642613776,
      0.8360637766411327
    ],
    [
      0.5486322642613776,
      0.8360637766411327
    ],
    [
      0.552049299171598,
      0.8338114722670512
    ],
    [
      0.5553957779520666,
      0.8315861529829719
    ],
    [
      0.5953125655500704,
      0.8034942123613543
    ],
    [
      0.6233493978702036,
      0.7819434302907433
    ],
    [
      0.6694360945738352,
      0.7428696489167741
    ],
    [
      0.7078119938175598,
      0.7064008645294899
    ],
    [
      0.7078119938175598,
      0.7064008645294899
    ],
    [
      0.7078119938175598,
      0.7064008645294899
    ],
    [
      0.713300560920844,
      0.7008582665489572
    ],
    [
      0.739325661428088,
      0.6733480276602287
    ],
    [
      0.8059598556466481,
      0.5919701944237008
    ],
    [
      0.832687225946008,
      0.5537436083119532
    ],
    [
      0.8397000759746868,
      0.5430504418634656
    ],
    [
      0.8397000759746868,
      0.5430504418634656
    ],
    [
      0.8460320674949555,
      0.5331320106410897
    ],
    [
      0.8460320674949555,
      0.5331320106410897
    ],
    [
      0.8460320674949555,
      0.5331320106410897
    ],
    [
      0.8511769791680519,
      0.5248787956608171
    ],
    [
      0.8540007873701441,
      0.5202717128301076
    ],
    [
      0.8590760198030916,
      0.511848016699565
    ],
    [
      0.8662087402854697,
      0.49968231733078133
    ],
    [
      0.8689697730690317,
      0.4948651669822353
    ],
    [
      0.8750722210631293,
      0.4839923634972372
    ],
    [
      0.8928183264942787,
      0.450416957802385
    ],
    [
      0.8954890748582188,
      0.44508349420032567
    ],
    [
      0.8964076529027951,
      0.4432305492825398
    ],
    [
      0.9078325638923498,
      0.4193328462410768
    ],
    [
      0.9129049967500619,
      0.40817210452059266
    ],
    [
      0.9135157520153011,
      0.4068033564511468
    ],
    [
      0.914578787247083,
      0.40440776688591795
    ],
    [
      0.9209640461550328,
      0.3896475660000336
    ],
    [
      0.9233401177256871,
      0.3839831076991723
    ],
    [
      0.9238708637945714,
      0.38270435982814793
    ],
    [
      0.924948393971346,
      0.38009271038764714
    ],
    [
      0.924948393971346,
      0.38009271038764714
    ],
    [
      0.9250989260733852,
      0.3797261868476672
    ],
    [
      0.9251489301526196,
      0.37960434275369326
    ],
    [
      0.9329337715150957,
      0.3600480217507371
    ],
    [
      0.9349930808246549,
      0.354665953835465
    ],
    [
      0.9377908024491892,
      0.3472008220636953
    ],
    [
      0.9404604758445566,
      0.339903064673195
    ],
    [
      0.9460179126171268,
      0.3241143455750366
    ],
    [
      0.9495024269706968,
      0.31375968698473156
    ],
    [
      0.9495555950203104,
      0.3135987435651238
    ],
    [
      0.9495555950203104,
      0.3135987435651238
    ],
    [
      0.953351487583465,
      0.30186245397928224
    ],
    [
      0.959140729183898,
      0.2829294286930583
    ],
    [
      0.9598543493300996,
      0.28049889139191087
    ],
    [
      0.9653575272706626,
      0.2609307274773746
    ],
    [
      0.9665481192006437,
      0.25648534708575116
    ],
    [
      0.9705437140779785,
      0.24092509014987024
    ],
    [
      0.9706040841436385,
      0.2406817646679713
    ],
    [
      0.9709940377794635,
      0.23910369841709653
    ],
    [
      0.9723218385187339,
      0.23364554851216254
    ],
    [
      0.9758799197505296,
      0.21830799854265537
    ],
    [
      0.9758799197505296,
      0.21830799854265537
    ],
    [
      0.9758799197505296,
      0.21830799854265537
    ],
    [
      0.9787339895351325,
      0.20513356070775746
    ],
    [
      0.9808095464367175,
      0.19496828875127498
    ],
    [
      0.9818951287310319,
      0.18942533139543455
    ],
    [
      0.9820342724525419,
      0.18870264367148273
    ],
    [
      0.9890619139270699,
      0.1475009505695516
    ],
    [
      0.9909619575215337,
      0.13414320238122437
    ],
    [
      0.9916959476331899,
      0.12860461674414866
    ],
    [
      0.9924108097515237,
      0.12296659988925798
    ],
    [
      0.9947504924119079,
      0.10233014143577988
    ],
    [
      0.9960182819660893,
      0.08914921193885977
    ],
    [
      0.9960182819660893,
      0.08914921193885977
    ],
    [
      0.9960182819660893,
      0.08914921193885977
    ],
    [
      0.9960182819660893,
      0.08914921193885977
    ],
    [
      0.9960182819660893,
      0.08914921193885977
    ],
    [
      0.9961257672632375,
      0.08794006933262116
    ],
    [
      0.9961442943188884,
      -0.08772995438231956
    ],
    [
      0.9961442943188884,
      -0.08772995438231956
    ]
  ]
}