{
  "implementation": "nsga3_pymoo_func",
  "elapsed_time": 0.10481905937194824,
  "hv_elapsed_time": 3.314018249511719e-05,
  "count_elapsed_time": 8.511543273925781e-05,
  "analyze_elapsed_time": 7.724761962890625e-05,
  "gd_elapsed_time": 0.0002562999725341797,
  "igd_elapsed_time": 0.003586292266845703,
  "worst_point": [
    1.0980814754782386,
    1.0981276805185607
  ],
  "delta": 0.1,
  "hypervolume": 0.3883716241566461,
  "gd": 0.013457206342759659,
  "igd": 0.0438798464898345,
  "points_per_niche": [
    1.0,
    1.0,
    1.0,
    1.0,
    1.0,
    1.0,
    1.0,
    1.0,
    1.0,
    1.0,
    1.0
  ],
  "points_out_r": 0,
  "niche_metrics": {
    "coverage": 1.0,
    "empty_ratio": 0.0,
    "outside_rate": 0.0,
    "entropy_norm": 1.0,
    "gini": 0.0,
    "chi2": 0.0,
    "avg_active": 1.0,
    "max_density": 1.0,
    "std_density": 0.0,
    "CUS": 1.0
  },
  "pareto_front": [
    [
      -0.061164805097689005,
      0.9981276805185606
    ],
    [
      0.9307547740233705,
      0.36564402173795274
    ],
    [
      0.9980814754782387,
      -0.06191420117535342
    ],
    [
      0.7075171623064832,
      0.7066961617567916
    ],
    [
      0.1993321878286305,
      0.9799319766674887
    ],
    [
      0.3627285248398579,
      0.9318948531178293
    ],
    [
      0.5396193316800866,
      0.8419091262583728
    ],
    [
      0.9980240548002524,
      0.06283300120209885
    ],
    [
      0.9800634158990318,
      0.19868492850823222
    ],
    [
      0.8413692591030326,
      0.5404607014727472
    ],
    [
      0.06214722454160433,
      0.9980669929828235
    ]
  ]
}