{
  "implementation": "nsga3_deap_func",
  "elapsed_time": 0.07733321189880371,
  "hv_elapsed_time": 0.00013685226440429688,
  "count_elapsed_time": 0.0006561279296875,
  "analyze_elapsed_time": 0.00012564659118652344,
  "gd_elapsed_time": 0.0018644332885742188,
  "igd_elapsed_time": 0.004750967025756836,
  "worst_point": [
    1.097160026669291,
    0.7151880214173035,
    1.099536820719144
  ],
  "delta": 0.1,
  "hypervolume": 0.3211720328992368,
  "gd": 0.028623893090889477,
  "igd": 0.20600263140232744,
  "points_per_niche": [
    3.0,
    6.0,
    0.0,
    0.0,
    0.0,
    0.0,
    0.0,
    0.0,
    0.0,
    0.0,
    0.0,
    0.0,
    4.0,
    7.0,
    6.0,
    1.0,
    0.0,
    0.0,
    0.0,
    0.0,
    0.0,
    0.0,
    0.0,
    3.0,
    9.0,
    0.0,
    0.0,
    0.0,
    0.0,
    0.0,
    0.0,
    0.0,
    3.0,
    9.0,
    2.0,
    0.0,
    0.0,
    0.0,
    0.0,
    0.0,
    5.0,
    8.0,
    0.0,
    0.0,
    0.0,
    0.0,
    0.0,
    3.0,
    1.0,
    0.0,
    0.0,
    1.0,
    0.0,
    6.0,
    0.0,
    0.0,
    0.0,
    5.0,
    1.0,
    0.0,
    3.0,
    4.0,
    0.0,
    1.0,
    0.0,
    1.0
  ],
  "points_out_r": 0,
  "niche_metrics": {
    "coverage": 0.3484848484848485,
    "empty_ratio": 0.6515151515151515,
    "outside_rate": 0.0,
    "entropy_norm": 0.6976182399320151,
    "gini": 51.28260869565217,
    "chi2": 281.04347826086956,
    "avg_active": 4.0,
    "max_density": 9.0,
    "std_density": 2.436333483908095,
    "CUS": -17.522727272727273
  },
  "pareto_front": [
    [
      -0.0021782761716138675,
      -0.03035455714692359,
      0.9995368207191441
    ],
    [
      0.0012181940379089068,
      0.04974715810352656,
      0.9987611006962119
    ],
    [
      0.0013365789201211747,
      -0.06653968122938429,
      0.9977828843885238
    ],
    [
      0.007223280085073409,
      0.09151266470788082,
      0.9957777143634394
    ],
    [
      0.030655137581165393,
      0.11371703859560202,
      0.9930401289338343
    ],
    [
      0.031524091820079335,
      0.13842348900814605,
      0.9898712892723633
    ],
    [
      0.034637787053827924,
      0.09759737076209014,
      0.9946230325748247
    ],
    [
      0.03582276685131525,
      0.11656247581372312,
      0.9925371119546571
    ],
    [
      0.04874908778404321,
      0.14951853738394175,
      0.9875564456874303
    ],
    [
      0.0580247281262452,
      0.15259253296859168,
      0.9865843348685933
    ],
    [
      0.09048704835513324,
      0.233233523484414,
      0.9682015376991616
    ],
    [
      0.09865856714927683,
      0.07663737463847128,
      0.9921659135127422
    ],
    [
      0.10589617707712888,
      0.3176362305637004,
      0.9422808629669464
    ],
    [
      0.10662799516411785,
      0.2792894355344495,
      0.9542682441777728
    ],
    [
      0.12285896928986421,
      0.2925372435840888,
      0.9483288642560953
    ],
    [
      0.12347166334126665,
      0.17613270105505363,
      0.9765920437781541
    ],
    [
      0.12437034015112781,
      0.29689587994485045,
      0.9467760321018196
    ],
    [
      0.13504475428532506,
      0.37642725355766626,
      0.9165508371711023
    ],
    [
      0.1383897168813815,
      0.3119566650148007,
      0.9399634702552725
    ],
    [
      0.149362482464442,
      0.4730179048351249,
      0.8683000118262397
    ],
    [
      0.16143029607792758,
      0.35024378479193335,
      0.9226426993819516
    ],
    [
      0.1688993863162303,
      0.40369226509084477,
      0.8991693680324213
    ],
    [
      0.19194108829133133,
      0.14993306512949386,
      0.9698859183462838
    ],
    [
      0.19687429317108343,
      0.41122547622266814,
      0.8900191685541532
    ],
    [
      0.20680020912422367,
      0.44123847679848555,
      0.8732366690071653
    ],
    [
      0.22217148184578941,
      0.4512305922807318,
      0.8643094267936837
    ],
    [
      0.23477026100911708,
      0.289831567219264,
      0.9278365088683115
    ],
    [
      0.24561993629885573,
      0.46347469717845585,
      0.8513883085689424
    ],
    [
      0.25617226657264974,
      0.4380332294217839,
      0.8616859403293953
    ],
    [
      0.2573156247261243,
      0.5811812283769534,
      0.7720214045310272
    ],
    [
      0.2596625640791603,
      0.34107433467272147,
      0.9034620363044572
    ],
    [
      0.2643088831483242,
      0.4787573396377745,
      0.8372169515913102
    ],
    [
      0.2664357927948723,
      0.4032034225477141,
      0.8754650012213951
    ],
    [
      0.3026203571620845,
      0.4885139107511902,
      0.818397872940583
    ],
    [
      0.317127964788518,
      0.4942752576582297,
      0.8093959621940198
    ],
    [
      0.33420370029770563,
      0.4883596072605924,
      0.8061096579892846
    ],
    [
      0.34737440286873417,
      0.498125011230908,
      0.7944825343692574
    ],
    [
      0.3475249544892809,
      0.5150250609037105,
      0.7835659465854502
    ],
    [
      0.3825174474073367,
      0.5073271905719448,
      0.7722043279698406
    ],
    [
      0.4382814612092879,
      0.48077734615026424,
      0.7594488160428986
    ],
    [
      0.44750671874405146,
      0.5739620548945478,
      0.6857880840464936
    ],
    [
      0.451086623681135,
      0.2709946804941616,
      0.8503427197782206
    ],
    [
      0.4585836047836207,
      0.574716232841121,
      0.6777922462912734
    ],
    [
      0.4845567017631597,
      0.4978377533337792,
      0.7192790655454833
    ],
    [
      0.491953277655702,
      0.29054414893488134,
      0.8207107103745614
    ],
    [
      0.5082262966866824,
      0.4293215916333929,
      0.746584892904692
    ],
    [
      0.5134048230690997,
      0.45215579645019,
      0.7293631628934112
    ],
    [
      0.516039152464131,
      0.6151880214173036,
      0.5960262506205283
    ],
    [
      0.5174733396293204,
      0.518610878399102,
      0.68063507078242
    ],
    [
      0.525328466466422,
      0.6038160006935342,
      0.5995300156176531
    ],
    [
      0.5388437302824252,
      0.3898000101738904,
      0.7467954113435326
    ],
    [
      0.5637767109272022,
      0.44381054558016253,
      0.6965543911626315
    ],
    [
      0.5684882451406332,
      0.4919971696186408,
      0.6593632536198614
    ],
    [
      0.60096016427837,
      0.4171360875551775,
      0.6817949584806812
    ],
    [
      0.6084181776338625,
      0.37211377874112583,
      0.700969797349137
    ],
    [
      0.6284943871374941,
      0.44931538068515275,
      0.634909831406336
    ],
    [
      0.6428640283106025,
      0.5084289705410929,
      0.5729099606559389
    ],
    [
      0.64415211289121,
      0.4117121243847395,
      0.6446403509650902
    ],
    [
      0.6455163482597197,
      0.47279671346127883,
      0.5998098964419059
    ],
    [
      0.6565925562528371,
      0.5139010433491462,
      0.5520796434555651
    ],
    [
      0.6615954618077621,
      0.3526141974820392,
      0.6617814387314528
    ],
    [
      0.6713228929307155,
      0.5343561433489386,
      0.5136040162346707
    ],
    [
      0.677716568025505,
      0.4991712594725739,
      0.5399336136418027
    ],
    [
      0.7312947215075567,
      0.44000227265661696,
      0.5211583543916353
    ],
    [
      0.742777268205736,
      0.4210515575138328,
      0.5205742173331288
    ],
    [
      0.7650664586919433,
      0.44213966196029936,
      0.46817286669156843
    ],
    [
      0.7754746455479405,
      0.29234461893256036,
      0.55961924367687
    ],
    [
      0.777878417016943,
      0.4197452750449179,
      0.46767410920071384
    ],
    [
      0.7905758787658826,
      0.44386041421885947,
      0.4218740482691664
    ],
    [
      0.8472928366093055,
      0.3309052657645151,
      0.41544741438583077
    ],
    [
      0.8523604184830103,
      0.03998420541380733,
      0.5214239928512056
    ],
    [
      0.8633178007137593,
