{
  "implementation": "nsga3_func",
  "elapsed_time": 0.640282154083252,
  "hv_elapsed_time": 0.004293680191040039,
  "count_elapsed_time": 0.0007395744323730469,
  "analyze_elapsed_time": 0.00013637542724609375,
  "gd_elapsed_time": 0.002087831497192383,
  "igd_elapsed_time": 0.005112648010253906,
  "worst_point": [
    1.087649791513984,
    1.0881667170043352,
    1.099997158616506
  ],
  "delta": 0.1,
  "hypervolume": 2.4965228474506738,
  "gd": 0.049337473935337,
  "igd": 0.07832421925669793,
  "points_per_niche": [
    1.0,
    0.0,
    1.0,
    2.0,
    1.0,
    2.0,
    1.0,
    1.0,
    1.0,
    0.0,
    0.0,
    2.0,
    0.0,
    0.0,
    0.0,
    0.0,
    0.0,
    0.0,
    0.0,
    0.0,
    0.0,
    3.0,
    3.0,
    0.0,
    1.0,
    2.0,
    1.0,
    2.0,
    2.0,
    1.0,
    0.0,
    2.0,
    8.0,
    5.0,
    1.0,
    2.0,
    1.0,
    1.0,
    2.0,
    2.0,
    1.0,
    1.0,
    2.0,
    3.0,
    0.0,
    1.0,
    2.0,
    3.0,
    2.0,
    2.0,
    1.0,
    2.0,
    1.0,
    5.0,
    1.0,
    2.0,
    1.0,
    0.0,
    6.0,
    1.0,
    2.0,
    0.0,
    1.0,
    1.0,
    0.0,
    0.0
  ],
  "points_out_r": 8,
  "niche_metrics": {
    "coverage": 0.7121212121212122,
    "empty_ratio": 0.2878787878787879,
    "outside_rate": 0.08,
    "entropy_norm": 0.8711253486712371,
    "gini": 34.08695652173913,
    "chi2": 105.99999999999999,
    "avg_active": 1.9574468085106382,
    "max_density": 8.0,
    "std_density": 1.4962456843186072,
    "CUS": -21.676969696969703
  },
  "pareto_front": [
    [
      0.002381284960638086,
      0.00011063837927884899,
      0.999997158616506
    ],
    [
      0.008538960452874497,
      0.5864060344365023,
      0.809972251951164
    ],
    [
      0.010905894900993704,
      0.7489532966182231,
      0.662533033848958
    ],
    [
      0.010939136234128718,
      0.7512361176302965,
      0.6599428997013381
    ],
    [
      0.013563427914203494,
      0.9314571744920027,
      0.36359808238024427
    ],
    [
      0.01438920478616003,
      0.9881667170043352,
      -0.1527072041211418
    ],
    [
      0.045644623975109745,
      0.25506779233291293,
      0.965845220320826
    ],
    [
      0.04977165737158054,
      0.8400743718132982,
      0.540183146668774
    ],
    [
      0.056266775406973286,
      0.04319428566716679,
      0.9974809791023609
    ],
    [
      0.05724328757216358,
      0.42295944917158684,
      0.9043387144120274
    ],
    [
      0.05724328757216358,
      0.42295944917158684,
      0.9043387144120274
    ],
    [
      0.06820903067440375,
      0.9792555848806623,
      0.190803636271666
    ],
    [
      0.1065927133612232,
      -6.352434344833975e-06,
      0.9943027674797746
    ],
    [
      0.1959457127858693,
      0.16363643349213622,
      0.9668652415279035
    ],
    [
      0.2115955218824404,
      0.1794923477951864,
      0.9607340069979149
    ],
    [
      0.23434289767239347,
      0.008284235372913258,
      0.9721187055883619
    ],
    [
      0.25601297413901253,
      0.9666733455891381,
      0.0
    ],
    [
      0.2569633112173096,
      0.9473984531725528,
      0.190803636271666
    ],
    [
      0.2743976915793553,
      0.012725815318887713,
      0.961532090197925
    ],
    [
      0.2746718602016311,
      0.0033776815991191068,
      0.961532090197925
    ],
    [
      0.2866163688811987,
      0.20698199937912576,
      0.9354194294659355
    ],
    [
      0.3075423683124646,
      0.7658205764274688,
      0.5647446647937985
    ],
    [
      0.3247978666599838,
      0.8741155181396216,
      0.36114873218748
    ],
    [
      0.32480856320904683,
      0.8741443053346322,
      0.3610694264502436
    ],
    [
      0.3454144932415308,
      0.9261392871122266,
      -0.1515085764105561
    ],
    [
      0.35236378392489615,
      0.917519353248755,
      0.18438546632561761
    ],
    [
      0.37972629184987544,
      0.19657607458280177,
      0.90397222865504
    ],
    [
      0.38848306622493084,
      0.4907486213844507,
      0.7799017232098779
    ],
    [
      0.40774205885439097,
      0.6616161693005743,
      0.6292936182428804
    ],
    [
      0.40774205885439097,
      0.6616161693005743,
      0.6292936182428804
    ],
    [
      0.41195921200962465,
      0.8818234209186082,
      0.22951484039123066
    ],
    [
      0.4130159836282456,
      0.34036939622340984,
      0.844728637718708
    ],
    [
      0.4150378159936233,
      0.3467808258208297,
      0.841122268245388
    ],
    [
      0.4150378159936233,
      0.3467808258208297,
      0.841122268245388
    ],
    [
      0.41688122135725386,
      0.904672504281244,
      -0.08819131066713289
    ],
    [
      0.4544049957372492,
      0.5809526628057121,
      0.6752852015467117
    ],
    [
      0.4544049957372492,
      0.5809526628057121,
      0.6752852015467117
    ],
    [
      0.4687226634030242,
      0.2673803272128365,
      0.8419066607599276
    ],
    [
      0.47206331768369597,
      0.26143717919517523,
      0.8419066607599276
    ],
    [
      0.47611058292010766,
      0.7692379171701211,
      0.42613582297109115
    ],
    [
      0.5169014948842895,
      0.11268838666441724,
      0.8485954113105713
    ],
    [
      0.5450540199124511,
      0.5710495807452752,
      0.6138554322541447
    ],
    [
      0.5494622934053537,
      0.3547634293093748,
      0.7564615636966503
    ],
    [
      0.5506387027523532,
      0.355097308088307,
      0.7554488207811589
    ],
    [
      0.5510972323072875,
      0.35581903683426364,
      0.7547745713586174
    ],
    [
      0.558573525178608,
      0.6877584209796109,
      0.46366364030531354
    ],
    [
      0.5614015774321853,
      0.12463273640204593,
      0.8181044859146
    ],
    [
      0.5755099026194647,
      0.0025206938091642413,
      0.8177909256586642
    ],
    [
      0.577063371766923,
      0.4425743515562719,
      0.686386049034751
    ],
    [
      0.5840413594684255,
      0.7484733689342414,
      0.31413899220965913
    ],
    [
      0.5953359296678895,
      0.7951410611199133,
      0.11543753188442638
    ],
    [
      0.59617624017005,
      0.7977233986182535,
      0.09061605792378087
    ],
    [
      0.5977117520821861,
      0.49671944139687857,
      0.6292936182428804
    ],
    [
      0.6090257085687629,
      0.7786540196839138,
      -0.1509490110348506
    ],
    [
      0.6272289160958131,
      0.7587164429101612,
      0.175878498034932
    ],
    [
      0.6274881094410966,
      -0.01557337464350678,
      0.778470386406735
    ],
    [
      0.6411862067384726,
      0.6625581775705331,
      0.3871652226411129
    ],
    [
      0.6434692779263497,
      0.2376298481275237,
      0.7276533128103191
    ],
    [
      0.6728704769819901,
      0.33665994986377157,
      0.6587149606345312
    ],
    [
      0.6986899711361881,
      0.6991977370585228,
      -0.1515085764105561
    ],
    [
      0.7082056632515376,
      -0.017869223556201637,
      0.7057800148686192
    ],
    [
      0.7201464319847569,
      0.5281533295553542,
      0.4499368588804626
    ],
    [
      0.7320534308969389,
      0.6078047212588772,
      0.30768684587976686
    ],
    [
      0.7428177353549051,
      0.6694936982841662,
      0.0
    ],
    [
      0.742857600121863,
      0.6263865451146655,
      0.23622548981957792
    ],
    [
      0.7462763929778828,
      0.6193257234871403,
      0.24394096316742492
    ],
    [
      0.7670496091197851,
      0.24242255528241793,
      0.594025421879845
    ],
    [
      0.7745131063751759,
      0.06417935876790282,
      0.6292936182428804
    ],
    [
      0.7766729371184351,
      0.5301352451599277,
      0.340199604037169
    ],
    [
      0.7871220470743174,
      0.5164616904895595,
      0.33720350719736386
    ],
    [
      0.7894183122941107,
      0.0004863196429393123,
      0.6138554322541447
    ],
    [
      0.8053385643325309,
