{
  "implementation": "nsga3_func",
  "elapsed_time": 0.6421751976013184,
  "hv_elapsed_time": 0.0042803287506103516,
  "count_elapsed_time": 0.0008263587951660156,
  "analyze_elapsed_time": 0.0002562999725341797,
  "gd_elapsed_time": 0.002117633819580078,
  "igd_elapsed_time": 0.00511479377746582,
  "worst_point": [
    1.0970553756520074,
    1.0999923369479145,
    1.099937702736715
  ],
  "delta": 0.1,
  "hypervolume": 2.789629187724505,
  "gd": 0.05356877919953157,
  "igd": 0.08226323728883464,
  "points_per_niche": [
    2.0,
    1.0,
    0.0,
    1.0,
    1.0,
    1.0,
    1.0,
    2.0,
    1.0,
    1.0,
    2.0,
    1.0,
    0.0,
    0.0,
    0.0,
    1.0,
    0.0,
    0.0,
    0.0,
    1.0,
    2.0,
    1.0,
    0.0,
    2.0,
    3.0,
    1.0,
    3.0,
    1.0,
    2.0,
    1.0,
    4.0,
    0.0,
    3.0,
    1.0,
    5.0,
    1.0,
    1.0,
    1.0,
    3.0,
    0.0,
    3.0,
    2.0,
    3.0,
    0.0,
    1.0,
    1.0,
    1.0,
    6.0,
    4.0,
    0.0,
    1.0,
    2.0,
    4.0,
    1.0,
    0.0,
    2.0,
    4.0,
    1.0,
    1.0,
    2.0,
    0.0,
    0.0,
    0.0,
    0.0,
    1.0,
    1.0
  ],
  "points_out_r": 8,
  "niche_metrics": {
    "coverage": 0.7424242424242424,
    "empty_ratio": 0.25757575757575757,
    "outside_rate": 0.08,
    "entropy_norm": 0.8856912446470608,
    "gini": 32.630434782608695,
    "chi2": 84.4782608695652,
    "avg_active": 1.8775510204081634,
    "max_density": 6.0,
    "std_density": 1.3357416266990418,
    "CUS": -21.604545454545455
  },
  "pareto_front": [
    [
      0.0004775290554321973,
      0.9972194245180851,
      0.07451973785394227
    ],
    [
      0.0005684888853022194,
      0.4252782788834478,
      0.9050624632202573
    ],
    [
      0.0015453025442699502,
      0.903607349145248,
      0.42835892731533504
    ],
    [
      0.0017856418854334908,
      0.5264266963225783,
      0.8502186453389228
    ],
    [
      0.002073208002760843,
      0.95777095827731,
      0.2875247698705986
    ],
    [
      0.003205967706457715,
      0.8912882132962745,
      0.4534258953899742
    ],
    [
      0.003914849351945768,
      0.9999923369479146,
      0.0
    ],
    [
      0.007843332155118682,
      0.8190943590634573,
      0.5736051892121694
    ],
    [
      0.009480465753299961,
      0.9993403279446078,
      -0.0350575200586713
    ],
    [
      0.011160841758591375,
      -0.0001620396894263127,
      0.9999377027367149
    ],
    [
      0.011160841758591375,
      -0.0001620396894263127,
      0.9999377027367149
    ],
    [
      0.018883882439334355,
      0.16149580522230972,
      0.9866927099556453
    ],
    [
      0.07340987474446135,
      0.649187885812834,
      0.7570773270966877
    ],
    [
      0.07737418105694112,
      0.6661402827171327,
      0.7418021028868186
    ],
    [
      0.10149413018726777,
      0.9931192573731291,
      0.05842158994904466
    ],
    [
      0.11512499285307123,
      0.991149686360048,
      0.06609489578597516
    ],
    [
      0.11537702842205956,
      0.9933195451280148,
      -0.0021029929075564967
    ],
    [
      0.16255536813454963,
      0.003639836675710853,
      0.9866927099556453
    ],
    [
      0.26752691720389854,
      -0.008533237462167923,
      0.9635126010747305
    ],
    [
      0.27586359299225616,
      0.27126843693843466,
      0.9221240226685244
    ],
    [
      0.28497349792833493,
      0.9460464589093366,
      0.1542277635952562
    ],
    [
      0.28643127301600646,
      0.9471821421963177,
      0.14423285112215165
    ],
    [
      0.28840364710640287,
      0.957433765122134,
      0.011996738714329259
    ],
    [
      0.2990264709574678,
      0.9029775956668407,
      0.3085686818043178
    ],
    [
      0.3013852471414148,
      0.6890441129633542,
      0.6590790113454174
    ],
    [
      0.3039237425257451,
      0.5378918571602335,
      0.7863222677311509
    ],
    [
      0.32297706763710693,
      -0.016208923174929765,
      0.9462679771555439
    ],
    [
      0.33733445507866455,
      0.023045552132858655,
      0.9411027403762419
    ],
    [
      0.3381206374747698,
      -0.0002580115950372799,
      0.9411027403762419
    ],
    [
      0.3416917230027282,
      0.3744493198271773,
      0.861994474061401
    ],
    [
      0.3567800900042824,
      0.8156909569121533,
      0.45536384374285993
    ],
    [
      0.36995144728906854,
      0.8311830231860863,
      0.41505506696818134
    ],
    [
      0.392325304774509,
      0.8969564508729462,
      0.20383812320318484
    ],
    [
      0.40062146401854076,
      -0.012231939112886612,
      0.9161620065431548
    ],
    [
      0.4064385755700792,
      0.7921183333948869,
      0.45536384374285993
    ],
    [
      0.4065011831084702,
      0.4454719891552485,
      0.797691353224717
    ],
    [
      0.41526670888902545,
      -0.14726937137951454,
      0.897700001527214
    ],
    [
      0.42587616937984246,
      0.43758209453550856,
      0.7919289102541142
    ],
    [
      0.4308221266369847,
      0.9023227448407899,
      0.014351283669717727
    ],
    [
      0.4632082398320654,
      0.2534823670078338,
      0.8492260100631549
    ],
    [
      0.4632082398320654,
      0.2534823670078338,
      0.8492260100631549
    ],
    [
      0.4794882587173148,
      0.6390119753088309,
      0.6014604768096931
    ],
    [
      0.5097612114388749,
      0.6305804131578208,
      0.5852451194619932
    ],
    [
      0.5154134912996422,
      0.8243875351712585,
      0.23395325353704868
    ],
    [
      0.5225151849154239,
      0.6200532490671408,
      0.5852451194619932
    ],
    [
      0.5330953400798255,
      0.2989260104753306,
      0.7914875859080026
    ],
    [
      0.5337979758941491,
      0.05818036591259142,
      0.8436081827208568
    ],
    [
      0.5599818219997538,
      0.6937655607337386,
      0.45289039045848306
    ],
    [
      0.56151591031934,
      0.6925244953708175,
      0.45289039045848306
    ],
    [
      0.5743783673084163,
      0.462570831308327,
      0.675364877078192
    ],
    [
      0.5750770946975341,
      0.8173472925889113,
      -0.03506762683473368
    ],
    [
      0.5922850589525043,
      0.0,
      0.8057284957984473
    ],
    [
      0.6047951066099606,
      0.0,
      0.7963811141787872
    ],
    [
      0.6265634982916818,
      0.6890320137530261,
      0.36421568696575835
    ],
    [
      0.6265634982916818,
      0.6890320137530261,
      0.36421568696575835
    ],
    [
      0.6507445122044748,
      -0.16205313939709365,
      0.7418021028868186
    ],
    [
      0.6710212344952369,
      0.26536384329564167,
      0.6923240090650146
    ],
    [
      0.687722963554517,
      -0.05322536404214896,
      0.7240194652233966
    ],
    [
      0.6959702659016164,
      0.39423562783707805,
      0.6001696916079137
    ],
    [
      0.6970336140432911,
      0.5566990591218978,
      0.4519184644009825
    ],
    [
      0.6971372621753772,
      0.7145102109709157,
      -0.05894740117186438
    ],
    [
      0.7320394988392627,
      0.31184951375622116,
      0.6056963372096364
    ],
    [
      0.7341288219132038,
      0.6048245667830336,
      0.3086132146426127
    ],
    [
      0.7661395808928527,
      0.441032332460645,
      0.4674618961088133
    ],
    [
      0.7850981053778303,
      0.12084213090727336,
      0.6074686364989805
    ],
    [
      0.7862143258457637,
      0.45198243886356165,
      0.4214011257624236
    ],
    [
      0.7873306243211604,
      0.43673837329022636,
      0.43516672816503177
    ],
    [
      0.7931687831293348,
      0.2556717967172508,
      0.5527343067265708
    ],
    [
      0.7931687831293348,
      0.2556717967172508,
      0.5527343067265708
    ],
    [
      0.801715138750047,
      0.3904199330169463,
      0.45257608443446945
    ],
    [
      0.801715138750047,
      0.3904199330169463,
      0.45257608443446945
    ],
    [
