{
  "implementation": "nsga3_deap_func",
  "elapsed_time": 0.05022692680358887,
  "hv_elapsed_time": 0.0002472400665283203,
  "count_elapsed_time": 0.0005881786346435547,
  "analyze_elapsed_time": 8.106231689453125e-05,
  "gd_elapsed_time": 0.001895904541015625,
  "igd_elapsed_time": 0.00472712516784668,
  "worst_point": [
    1.0998906085924245,
    1.0999999999805892
  ],
  "delta": 0.1,
  "hypervolume": 0.41684465297856926,
  "gd": 0.0015509182789113997,
  "igd": 0.009763685416767087,
  "points_per_niche": [
    4.0,
    4.0,
    7.0,
    5.0,
    14.0,
    8.0,
    15.0,
    17.0,
    16.0,
    5.0,
    4.0
  ],
  "points_out_r": 0,
  "niche_metrics": {
    "coverage": 1.0,
    "empty_ratio": 0.0,
    "outside_rate": 0.0,
    "entropy_norm": 0.9344745912787794,
    "gini": 3.3737373737373737,
    "chi2": 31.77777777777778,
    "avg_active": 9.0,
    "max_density": 17.0,
    "std_density": 5.0990195135927845,
    "CUS": -2.3737373737373737
  },
  "pareto_front": [
    [
      6.230725564403229e-06,
      0.9999999999805891
    ],
    [
      0.002800681896346198,
      0.999996078082767
    ],
    [
      0.017764524249231486,
      0.9998421983884249
    ],
    [
      0.041465379366445954,
      0.9991399413065203
    ],
    [
      0.09482256124598791,
      0.9954941897764903
    ],
    [
      0.12239700089486513,
      0.9924812210676545
    ],
    [
      0.13686008005413233,
      0.9905903888528177
    ],
    [
      0.14292086827391098,
      0.9897341185448905
    ],
    [
      0.18209080701997002,
      0.9832817185317827
    ],
    [
      0.18519289907002126,
      0.9827021879155663
    ],
    [
      0.23709937964602382,
      0.9714854009049599
    ],
    [
      0.2818041388963659,
      0.9594719523263188
    ],
    [
      0.2879889810127164,
      0.9576337226806798
    ],
    [
      0.30472226263346375,
      0.952441254175575
    ],
    [
      0.3071698269199293,
      0.9516547154456708
    ],
    [
      0.32347703874507944,
      0.9462360199256391
    ],
    [
      0.3236743530759479,
      0.9461685437388344
    ],
    [
      0.33560676977185405,
      0.9420021741393709
    ],
    [
      0.3619709583876599,
      0.9321893720075974
    ],
    [
      0.4713452700822837,
      0.8819487719652763
    ],
    [
      0.48321988962252144,
      0.8754990224284652
    ],
    [
      0.48384013248622265,
      0.8751564009911111
    ],
    [
      0.49044525448682386,
      0.8714720031942246
    ],
    [
      0.5066066100676441,
      0.8621773266769256
    ],
    [
      0.5184339003379245,
      0.8551177059214755
    ],
    [
      0.5285907059214878,
      0.8488768259373224
    ],
    [
      0.5335121191474606,
      0.8457924205872183
    ],
    [
      0.5425910548617477,
      0.8399969923660535
    ],
    [
      0.5583305512426096,
      0.8296185843802704
    ],
    [
      0.5657579580758347,
      0.8245713631177486
    ],
    [
      0.5740117394533772,
      0.8188470693418327
    ],
    [
      0.5921843935808341,
      0.8058024844832012
    ],
    [
      0.60770571916053,
      0.7941623000996605
    ],
    [
      0.6178128699700108,
      0.786325160286391
    ],
    [
      0.6352375977979365,
      0.7723167707255275
    ],
    [
      0.6420553620949027,
      0.7666582758994932
    ],
    [
      0.6521665682045157,
      0.7580757002544962
    ],
    [
      0.6941517466365975,
      0.7198286967337166
    ],
    [
      0.7059538626576665,
      0.7082578229703649
    ],
    [
      0.7071850466519033,
      0.7070285070574915
    ],
    [
      0.7200406327576904,
      0.6939319038478522
    ],
    [
      0.7213461153583004,
      0.6925747482095268
    ],
    [
      0.7776062313575725,
      0.6287515796830045
    ],
    [
      0.7931044820075468,
      0.6090856102548646
    ],
    [
      0.7976316738531736,
      0.603144852308452
    ],
    [
      0.799087699905374,
      0.6012144774204451
    ],
    [
      0.7996372938415928,
      0.6004833039291718
    ],
    [
      0.8067593999101565,
      0.5908800814519001
    ],
    [
      0.8150073545372267,
      0.5794506122615035
    ],
    [
      0.8211829403111561,
      0.5706650318198271
    ],
    [
      0.8227504431905278,
      0.5684027693720273
    ],
    [
      0.8256873642023046,
      0.564127978916709
    ],
    [
      0.8282356599569815,
      0.5603799528673589
    ],
    [
      0.8408416995758407,
      0.5412811065005056
    ],
    [
      0.8615972457042422,
      0.5075925395382243
    ],
    [
      0.8736093161022526,
      0.48662795112832813
    ],
    [
      0.8758521242486927,
      0.48257958561158854
    ],
    [
      0.8902189145562586,
      0.4555329671563594
    ],
    [
      0.8917613415341585,
      0.4525060328274065
    ],
    [
      0.8943049129604445,
      0.4474580680408075
    ],
    [
      0.9049087271516405,
      0.4256056807947913
    ],
    [
      0.9123691879752699,
      0.40936837302525786
    ],
    [
      0.9145259988322437,
      0.40452712821254266
    ],
    [
      0.9149684584337618,
      0.40352536484258994
    ],
    [
      0.9159209667478049,
      0.40135867085658733
    ],
    [
      0.9212527596115333,
      0.3889644622688998
    ],
    [
      0.9220331286873987,
      0.3871109784066152
    ],
    [
      0.9229576078991288,
      0.38490161602819756
    ],
    [
      0.9270130734096786,
      0.37502901451426635
    ],
    [
      0.9303159655932379,
      0.3667590546425831
    ],
    [
      0.9334708986549238,
      0.3586531491070014
    ],
    [
      0.939940912901932,
      0.3413371943593059
    ],
    [
      0.9441863459006544,
      0.3294118155360699
    ],
    [
      0.9451418139415741,
      0.3266602999129688
    ],
    [
      0.9524366407972887,
      0.3047366818529997
    ],
    [
      0.9541884645927092,
      0.2992062399720435
    ],
    [
      0.9580173683709307,
      0.2867101705549291
    ],
    [
      0.9634115650198087,
      0.2680264098667942
    ],
    [
      0.9649445671534054,
      0.26245377177919776
    ],
    [
      0.9652678631566897,
      0.2612622291050091
    ],
    [
      0.9655573476474061,
      0.2601903311118733
    ],
    [
      0.9676012915221404,
      0.25248314922918325
    ],
    [
      0.9686877161993838,
      0.24828231609283424
    ],
    [
      0.9695013941123858,
      0.24508579480284137
    ],
    [
      0.9713125774301151,
      0.23780638537698406
    ],
    [
      0.9737978071641501,
      0.22741554643931589
    ],
    [
      0.977953406716739,
      0.20882321300833512
    ],
    [
      0.9789676816112546,
      0.20401538755859872
    ],
    [
      0.9801617801022723,
      0.19819910400086269
    ],
    [
      0.9828135811711212,
      0.18460082520291174
    ],
    [
      0.9904556413973887,
      0.13783186287679383
    ],
    [
      0.9954885363049112,
      0.09488189545696041
    ],
    [
      0.9976887924422311,
      0.06794905028889413
    ],
    [
      0.9979561111661295,
      0.06390305302703377
    ],
    [
      0.998341871584996,
      0.05756307358165713
    ],
    [
      0.9986196605915895,
      0.052524027643913535
    ],
    [
      0.9989054759228875,
      0.046774460673211136
    ],
    [
      0.9992540300021421,
      0.038618435034037044
    ],
    [
      0.9998906085924245,
      -0.01479090425467333
    ]
  ]
}