{
  "implementation": "nsga3_pymoo_func",
  "elapsed_time": 0.10574889183044434,
  "hv_elapsed_time": 0.00015091896057128906,
  "count_elapsed_time": 8.797645568847656e-05,
  "analyze_elapsed_time": 8.320808410644531e-05,
  "gd_elapsed_time": 0.000247955322265625,
  "igd_elapsed_time": 0.0035707950592041016,
  "worst_point": [
    1.0980814754782386,
    1.0981276805185607
  ],
  "delta": 0.1,
  "hypervolume": 0.3883716241566462,
  "gd": 0.012786045251658405,
  "igd": 0.04472842026653798,
  "points_per_niche": [
    1.0,
    1.0,
    1.0,
    1.0,
    1.0,
    1.0,
    1.0,
    1.0,
    1.0,
    1.0,
    1.0
  ],
  "points_out_r": 0,
  "niche_metrics": {
    "coverage": 1.0,
    "empty_ratio": 0.0,
    "outside_rate": 0.0,
    "entropy_norm": 1.0,
    "gini": 0.0,
    "chi2": 0.0,
    "avg_active": 1.0,
    "max_density": 1.0,
    "std_density": 0.0,
    "CUS": 1.0
  },
  "pareto_front": [
    [
      -0.061164805097689005,
      0.9981276805185606
    ],
    [
      0.9307547740233705,
      0.36564402173795274
    ],
    [
      0.9980814754782387,
      -0.06191420117535342
    ],
    [
      0.7075171623064832,
      0.7066961617567916
    ],
    [
      0.1993321878286305,
      0.9799319766674887
    ],
    [
      0.3627285248398579,
      0.9318948531178293
    ],
    [
      0.5396193316800866,
      0.8419091262583728
    ],
    [
      0.9980240548002524,
      0.06283300120209885
    ],
    [
      0.9800634158990318,
      0.19868492850823222
    ],
    [
      0.8413692591030326,
      0.5404607014727472
    ],
    [
      0.06214722454160433,
      0.9980669929828235
    ]
  ]
}