{
  "implementation": "nsga3_deap_func",
  "elapsed_time": 0.051265716552734375,
  "hv_elapsed_time": 0.00025773048400878906,
  "count_elapsed_time": 0.0005829334259033203,
  "analyze_elapsed_time": 8.511543273925781e-05,
  "gd_elapsed_time": 0.0018720626831054688,
  "igd_elapsed_time": 0.004609346389770508,
  "worst_point": [
    1.0999192946046372,
    1.1
  ],
  "delta": 0.1,
  "hypervolume": 0.41479297726869335,
  "gd": 0.0013920410144044476,
  "igd": 0.008120475107921117,
  "points_per_niche": [
    4.0,
    5.0,
    11.0,
    12.0,
    5.0,
    13.0,
    13.0,
    13.0,
    10.0,
    9.0,
    5.0
  ],
  "points_out_r": 0,
  "niche_metrics": {
    "coverage": 1.0,
    "empty_ratio": 0.0,
    "outside_rate": 0.0,
    "entropy_norm": 0.9666837840340693,
    "gini": 2.3400000000000007,
    "chi2": 14.839999999999996,
    "avg_active": 9.090909090909092,
    "max_density": 13.0,
    "std_density": 3.502065506228768,
    "CUS": -1.3400000000000007
  },
  "pareto_front": [
    [
      0.24132625992127554,
      0.9704440407732993
    ],
    [
      0.9942682127719313,
      0.1069145503255259
    ],
    [
      0.9999192946046371,
      0.012704498312210176
    ],
    [
      6.123233995736766e-17,
      1.0
    ],
    [
      0.9666748626311363,
      0.25600724590736446
    ],
    [
      0.707929417485304,
      0.7062831867310152
    ],
    [
      0.9189019893970237,
      0.39448591087919993
    ],
    [
      0.11608016129356603,
      0.9932398482511964
    ],
    [
      0.41128927607971694,
      0.9115048718365812
    ],
    [
      0.5235653684312561,
      0.8519855074937854
    ],
    [
      0.832065007111079,
      0.5546781264312124
    ],
    [
      0.20509281511795174,
      0.9787425285472138
    ],
    [
      0.9897941984591992,
      0.14250419185592858
    ],
    [
      0.9475595249443564,
      0.3195793276906778
    ],
    [
      0.9985576690478281,
      0.05368967857762222
    ],
    [
      0.15923652268980923,
      0.987240462016047
    ],
    [
      0.7841682432202938,
      0.6205482788025427
    ],
    [
      0.6325965832438957,
      0.7744814800033304
    ],
    [
      0.04123020396654754,
      0.9991496736129561
    ],
    [
      0.37696870017591955,
      0.9262259978470037
    ],
    [
      0.7656484438700459,
      0.6432592482035351
    ],
    [
      0.8988582227657776,
      0.43823954108038643
    ],
    [
      0.6578164391411847,
      0.7531782872571486
    ],
    [
      0.9023022809461654,
      0.4311039245928378
    ],
    [
      0.6035290816257677,
      0.7973409857971415
    ],
    [
      0.816329648992978,
      0.5775862742266313
    ],
    [
      0.3548373839797198,
      0.934928035161225
    ],
    [
      0.009548774401559669,
      0.9999544094144633
    ],
    [
      0.9866614309714885,
      0.16278581213758994
    ],
    [
      0.15937160643296283,
      0.9872186642598371
    ],
    [
      0.27449234938999933,
      0.9615892834918444
    ],
    [
      0.9995985284729828,
      0.0283334056309386
    ],
    [
      0.9813755447361397,
      0.19209903746204707
    ],
    [
      0.8739200639708121,
      0.4860696676292934
    ],
    [
      0.9997919558458644,
      0.020397181812718986
    ],
    [
      0.08067762998108496,
      0.9967402470155577
    ],
    [
      0.005895487035351344,
      0.9999826214653013
    ],
    [
      0.21780049503143392,
      0.975993311639
    ],
    [
      0.6036360009791507,
      0.7972600443530948
    ],
    [
      0.9974828030525463,
      0.0709087978634182
    ],
    [
      0.9095363105167737,
      0.4156244697458692
    ],
    [
      0.9721136537553711,
      0.23451022191448812
    ],
    [
      0.3574952600290104,
      0.9339149527964472
    ],
    [
      0.6595602616028087,
      0.7516516888256386
    ],
    [
      0.9202417395029555,
      0.3913504067668444
    ],
    [
      0.3696564983157109,
      0.9291684848578146
    ],
    [
      0.175256623183176,
      0.9845227859376492
    ],
    [
      0.5936502618342905,
      0.8047231614810638
    ],
    [
      0.6461503348104923,
      0.7632101577051295
    ],
    [
      0.9880749955797887,
      0.15397338442081657
    ],
    [
      0.9995671260165557,
      0.029420411061082966
    ],
    [
      0.27066370275158697,
      0.9626739635062332
    ],
    [
      0.780696705093508,
      0.6249101172617869
    ],
    [
      0.9741356698426691,
      0.2259639279623508
    ],
    [
      0.7323646741455146,
      0.6809126111798298
    ],
    [
      0.9864791881963144,
      0.1638865804620396
    ],
    [
      0.41456522472805823,
      0.9100196011329507
    ],
    [
      0.20790052590178582,
      0.9781499738433574
    ],
    [
      0.9549275436895659,
      0.29683899053697804
    ],
    [
      0.9341392617514999,
      0.3569087273440687
    ],
    [
      0.8756332991266126,
      0.482976526821588
    ],
    [
      0.2134691268603113,
      0.9769498103165261
    ],
    [
      0.9746250386489117,
      0.22384377149835394
    ],
    [
      0.8941339794352616,
      0.4477995386545895
    ],
    [
      0.8154509712696529,
      0.5788261513229855
    ],
    [
      0.995994891643112,
      0.08941015502070036
    ],
    [
      0.6760726313175561,
      0.7368349864001816
    ],
    [
      0.35513228313181233,
      0.9348160575629766
    ],
    [
      0.18724561027153497,
      0.982313127996384
    ],
    [
      0.9743635641805458,
      0.22497920970032648
    ],
    [
      0.8294689282971247,
      0.5585528596199462
    ],
    [
      0.8959549473691724,
      0.4441449451301945
    ],
    [
      0.46347877444331714,
      0.8861080214288327
    ],
    [
      0.6738747447740887,
      0.7388456052218602
    ],
    [
      0.9950006222033695,
      0.09986872290616086
    ],
    [
      0.29661900106531564,
      0.9549958995760214
    ],
    [
      0.8292629201267341,
      0.5588586666616899
    ],
    [
      0.9641276150950016,
      0.2654391489799958
    ],
    [
      0.9887881732067068,
      0.1493249762315191
    ],
    [
      0.7522211572872745,
      0.6589107151423427
    ],
    [
      0.9370679258989674,
      0.34914710689250666
    ],
    [
      0.36344096008392557,
      0.9316172328447314
    ],
    [
      0.9348145521634427,
      0.3551362457754238
    ],
    [
      0.42705588699582947,
      0.904225231555836
    ],
    [
      0.9618242029939075,
      0.27366805172532416
    ],
    [
      0.8711207631103965,
      0.4910688506492346
    ],
    [
      0.27961645539988483,
      0.9601117840489222
    ],
    [
      0.6744215054002486,
      0.7383465534921
    ],
    [
      0.7063312727281782,
      0.7078814400492444
    ],
    [
      0.9122481321177227,
      0.40963806640463235
    ],
    [
      0.2902586833536866,
      0.9569482205102763
    ],
    [
      0.45461060076012666,
      0.890690295038919
    ],
    [
      0.8073672997738525,
      0.5900491871495784
    ],
    [
      0.9705694221132324,
      0.2408215041452613
    ],
    [
      0.38065127323770126,
      0.9247186643420349
    ],
    [
      0.838405611918351,
      0.5450468144148862
    ],
    [
      0.7698574370917393,
      0.6382158933735032
    ],
    [
      0.9380097768204677,
      0.34660879762235736
    ],
    [
      0.8284629656050256,
      0.560043850623258
    ],
    [
      0.6943559682714489,
      0.7196317039471084
    ]
  ]
}