{
  "implementation": "nsga3_func",
  "elapsed_time": 0.611135721206665,
  "hv_elapsed_time": 0.00040602684020996094,
  "count_elapsed_time": 0.0005917549133300781,
  "analyze_elapsed_time": 0.0001480579376220703,
  "gd_elapsed_time": 0.0019025802612304688,
  "igd_elapsed_time": 0.004770517349243164,
  "worst_point": [
    1.0966973860302867,
    1.0999999943141232
  ],
  "delta": 0.1,
  "hypervolume": 0.4170160045088519,
  "gd": 0.0019436998182651485,
  "igd": 0.015304608870310222,
  "points_per_niche": [
    5.0,
    3.0,
    9.0,
    11.0,
    10.0,
    10.0,
    14.0,
    12.0,
    21.0,
    4.0,
    1.0
  ],
  "points_out_r": 0,
  "niche_metrics": {
    "coverage": 1.0,
    "empty_ratio": 0.0,
    "outside_rate": 0.0,
    "entropy_norm": 0.9204930364102856,
    "gini": 3.62,
    "chi2": 35.739999999999995,
    "avg_active": 9.090909090909092,
    "max_density": 21.0,
    "std_density": 5.434812791867318,
    "CUS": -2.62
  },
  "pareto_front": [
    [
      0.00010663842568759935,
      0.9999999943141231
    ],
    [
      0.00011574352678365625,
      0.999999993301718
    ],
    [
      0.0004968885121008366,
      0.9999998765508956
    ],
    [
      0.0008807845619291757,
      0.9999996121092025
    ],
    [
      0.0008807845619291757,
      0.9999996121092025
    ],
    [
      0.11041508328048572,
      0.9938855615130765
    ],
    [
      0.11041508328048572,
      0.9938855615130765
    ],
    [
      0.11653977316228556,
      0.9931860255114764
    ],
    [
      0.24794427398080804,
      0.9687742962115221
    ],
    [
      0.25365908657692593,
      0.967293682289386
    ],
    [
      0.25848795350831594,
      0.9660144812015411
    ],
    [
      0.2679606688005063,
      0.9634298521303901
    ],
    [
      0.2679843916868888,
      0.96342325372196
    ],
    [
      0.2717165681337671,
      0.9623773202863874
    ],
    [
      0.27404023285763873,
      0.9617182283680242
    ],
    [
      0.2764862131789065,
      0.9610178842883146
    ],
    [
      0.2764862131789065,
      0.9610178842883146
    ],
    [
      0.3925381515478432,
      0.919735722683099
    ],
    [
      0.4129204427668069,
      0.9107670986290974
    ],
    [
      0.41514201895508174,
      0.9097566180566639
    ],
    [
      0.41514201895508174,
      0.9097566180566639
    ],
    [
      0.41514201895508174,
      0.9097566180566639
    ],
    [
      0.41514201895508174,
      0.9097566180566639
    ],
    [
      0.41514201895508174,
      0.9097566180566639
    ],
    [
      0.41514201895508174,
      0.9097566180566639
    ],
    [
      0.41755453484040433,
      0.908651864266075
    ],
    [
      0.41755453484040433,
      0.908651864266075
    ],
    [
      0.4395009642572808,
      0.8982421179264087
    ],
    [
      0.49013759670154194,
      0.8716450747291793
    ],
    [
      0.5465078539512523,
      0.837453978180053
    ],
    [
      0.5493969941575161,
      0.8355614536410151
    ],
    [
      0.5493969941575161,
      0.8355614536410151
    ],
    [
      0.5512690186711917,
      0.8343275550125989
    ],
    [
      0.5532824461105071,
      0.8329937183592525
    ],
    [
      0.5532824461105071,
      0.8329937183592525
    ],
    [
      0.5564316948206258,
      0.830893355972381
    ],
    [
      0.5587352097631811,
      0.8293461071054075
    ],
    [
      0.6276570934993406,
      0.7784899312001151
    ],
    [
      0.643173513220046,
      0.765720465896128
    ],
    [
      0.6790640781368518,
      0.7340789996888262
    ],
    [
      0.6896315864773278,
      0.7241603930986311
    ],
    [
      0.7086850092241191,
      0.705525022732015
    ],
    [
      0.7094865454900853,
      0.7047189807068809
    ],
    [
      0.7269355449106696,
      0.6867056964562243
    ],
    [
      0.7402167012633405,
      0.6723683775809348
    ],
    [
      0.756418597699321,
      0.6540878420018162
    ],
    [
      0.7640196428754938,
      0.645192982990673
    ],
    [
      0.7695604020750589,
      0.6385740266860794
    ],
    [
      0.7990565160161294,
      0.6012559223925908
    ],
    [
      0.8188942711365663,
      0.5739443986134125
    ],
    [
      0.8195349837076422,
      0.5730291532542777
    ],
    [
      0.8257833513570328,
      0.5639874614045487
    ],
    [
      0.8278431423000444,
      0.5609596525123606
    ],
    [
      0.8395468402936687,
      0.5432873116067751
    ],
    [
      0.840475667998577,
      0.5418492885501888
    ],
    [
      0.840475667998577,
      0.5418492885501888
    ],
    [
      0.840475667998577,
      0.5418492885501888
    ],
    [
      0.8413716106446882,
      0.5404570406620337
    ],
    [
      0.8424077114236205,
      0.5388406515232664
    ],
    [
      0.8434147163941208,
      0.5372630791054088
    ],
    [
      0.8477905277999611,
      0.5303312370327279
    ],
    [
      0.8566077491316455,
      0.5159681813131658
    ],
    [
      0.8911702535468138,
      0.45366901943300875
    ],
    [
      0.9131822332957737,
      0.40755147992976676
    ],
    [
      0.9162542107886422,
      0.4005973305104296
    ],
    [
      0.9179931254647117,
      0.3965962954939571
    ],
    [
      0.9194830201648597,
      0.3931297185770979
    ],
    [
      0.9212768124452227,
      0.3889074888077752
    ],
    [
      0.9219845933139963,
      0.38722656119076454
    ],
    [
      0.9223876149401539,
      0.3862655664242083
    ],
    [
      0.9255760655562354,
      0.3785616817236517
    ],
    [
      0.9391833516905566,
      0.3434161206281562
    ],
    [
      0.9444576986735821,
      0.3286330102351273
    ],
    [
      0.947043748375929,
      0.32110456032586987
    ],
    [
      0.9512155875065051,
      0.3085269940939598
    ],
    [
      0.956783075799995,
      0.2908025891609305
    ],
    [
      0.9586260965794772,
      0.28466824016176245
    ],
    [
      0.9586260965794772,
      0.28466824016176245
    ],
    [
      0.9606553579371754,
      0.2777431966162222
    ],
    [
      0.9681858775482933,
      0.25023210528635453
    ],
    [
      0.9686063781894949,
      0.24859944515350232
    ],
    [
      0.9696873989608671,
      0.24434882503607064
    ],
    [
      0.9702919277045651,
      0.24193713032802355
    ],
    [
      0.9702919277045651,
      0.24193713032802355
    ],
    [
      0.9702919277045651,
      0.24193713032802355
    ],
    [
      0.9702919277045651,
      0.24193713032802355
    ],
    [
      0.9707829550798547,
      0.23995927597495564
    ],
    [
      0.9707829550798547,
      0.23995927597495564
    ],
    [
      0.9708585765516188,
      0.23965313337439292
    ],
    [
      0.9749979939114742,
      0.22221366265061415
    ],
    [
      0.9751433946453381,
      0.2215747275290357
    ],
    [
      0.9765201104952352,
      0.21542626069811824
    ],
    [
      0.9790193698341854,
      0.20376720415580785
    ],
    [
      0.9813022217068414,
      0.19247324404502797
    ],
    [
      0.9817704780022016,
      0.19007032520445838
    ],
    [
      0.9857320242206191,
      0.1683222398434646
    ],
    [
      0.9952609774475855,
      0.0972398414749673
    ],
    [
      0.9960167162812704,
      0.08916670280029045
    ],
    [
      0.9964655787440702,
      0.08400208555890282
    ],
    [
      0.9966973860302866,
      -0.0812054227277582
    ]
  ]
}