{
  "radii": [
    0.15,
    0.2,
    0.25,
    0.3,
    0.35
  ],
  "aggregated": {
    "nsga3_deap_func": {
      "0.15": {
        "coverage": 0.0003330003330003331,
        "empty_ratio": 0.9996669996669995,
        "outside_rate": 0.9811124213836476,
        "entropy_norm": 0.0,
        "gini": 3002.0,
        "chi2": 3002.0,
        "avg_active": 1.0,
        "max_density": 1.0,
        "std_density": 0.018245258117619345,
        "CUS": -0.018874999476414574
      },
      "0.2": {
        "coverage": 0.000999000999000999,
        "empty_ratio": 0.9990009990009991,
        "outside_rate": 0.9433372641509433,
        "entropy_norm": 0.13720019069199443,
        "gini": 3000.0000000000036,
        "chi2": 2999.9999999999995,
        "avg_active": 1.0,
        "max_density": 1.0,
        "std_density": 0.03159118541626753,
        "CUS": -0.16976178302829253
      },
      "0.25": {
        "coverage": 0.0013419913419913424,
        "empty_ratio": 0.9986580086580089,
        "outside_rate": 0.9238246855345911,
        "entropy_norm": 0.17382624115791848,
        "gini": 2998.97,
        "chi2": 2998.97,
        "avg_active": 1.0,
        "max_density": 1.0,
        "std_density": 0.03658979730127456,
        "CUS": -0.3085514472424849
      },
      "0.3": {
        "coverage": 0.002997002997002997,
        "empty_ratio": 0.997002997002997,
        "outside_rate": 0.8113325471698113,
        "entropy_norm": 0.27028714029362944,
        "gini": 2994.792000000001,
        "chi2": 3587.603999999998,
        "avg_active": 1.11,
        "max_density": 1.99,
        "std_density": 0.06304154983743904,
        "CUS": -1.6928005602887684
      },
      "0.35": {
        "coverage": 0.004662004662004664,
        "empty_ratio": 0.9953379953379954,
        "outside_rate": 0.6982154088050314,
        "entropy_norm": 0.32466345791984386,
        "gini": 2990.485,
        "chi2": 3730.2625000000007,
        "avg_active": 1.1414285714285708,
        "max_density": 1.99,
        "std_density": 0.08130160091069458,
        "CUS": -4.205970444649691
      }
    },
    "nsga3_func": {
      "0.15": {
        "coverage": 0.0,
        "empty_ratio": 1.0,
        "outside_rate": 1.0,
        "entropy_norm": 0.0,
        "gini": 0.0,
        "chi2": 0.0,
        "avg_active": 0.0,
        "max_density": 0.0,
        "std_density": 0.0,
        "CUS": 0.0
      },
      "0.2": {
        "coverage": 0.0,
        "empty_ratio": 1.0,
        "outside_rate": 1.0,
        "entropy_norm": 0.0,
        "gini": 0.0,
        "chi2": 0.0,
        "avg_active": 0.0,
        "max_density": 0.0,
        "std_density": 0.0,
        "CUS": 0.0
      },
      "0.25": {
        "coverage": 0.0,
        "empty_ratio": 1.0,
        "outside_rate": 1.0,
        "entropy_norm": 0.0,
        "gini": 0.0,
        "chi2": 0.0,
        "avg_active": 0.0,
        "max_density": 0.0,
        "std_density": 0.0,
        "CUS": 0.0
      },
      "0.3": {
        "coverage": 0.0,
        "empty_ratio": 1.0,
        "outside_rate": 1.0,
        "entropy_norm": 0.0,
        "gini": 0.0,
        "chi2": 0.0,
        "avg_active": 0.0,
        "max_density": 0.0,
        "std_density": 0.0,
        "CUS": 0.0
      },
      "0.35": {
        "coverage": 0.0016516816516816512,
        "empty_ratio": 0.9983483183483183,
        "outside_rate": 0.9503999999999999,
        "entropy_norm": 0.19898469993721002,
        "gini": 2998.040000000015,
        "chi2": 2998.039999999999,
        "avg_active": 1.0,
        "max_density": 1.0,
        "std_density": 0.040545196153826304,
        "CUS": -0.24710542790542958
      }
    },
    "nsga3_pymoo_func": {
      "0.15": {
        "coverage": 0.0003330003330003331,
        "empty_ratio": 0.9996669996669995,
        "outside_rate": 0.9923076923076922,
        "entropy_norm": 0.0,
        "gini": 3002.0,
        "chi2": 3001.9999999999986,
        "avg_active": 1.0,
        "max_density": 1.0,
        "std_density": 0.01824525811761935,
        "CUS": -0.007687184610261507
      },
      "0.2": {
        "coverage": 0.000999000999000999,
        "empty_ratio": 0.9990009990009991,
        "outside_rate": 0.9769230769230767,
        "entropy_norm": 0.13720019069199443,
        "gini": 2999.9999999999995,
        "chi2": 2999.9999999999995,
        "avg_active": 1.0,
        "max_density": 1.0,
        "std_density": 0.03159118541626753,
        "CUS": -0.06913855375393843
      },
      "0.25": {
        "coverage": 0.002997002997002997,
        "empty_ratio": 0.997002997002997,
        "outside_rate": 0.9307692307692308,
        "entropy_norm": 0.27440038138398903,
        "gini": 2993.999999999932,
        "chi2": 2994.0,
        "avg_active": 1.0,
        "max_density": 1.0,
        "std_density": 0.05466279328792988,
        "CUS": -0.6210020748482145
      },
      "0.3": {
        "coverage": 0.005994005994005994,
        "empty_ratio": 0.9940059940059934,
        "outside_rate": 0.8615384615384617,
        "entropy_norm": 0.3609640638872461,
        "gini": 2984.999999999963,
        "chi2": 2985.0000000000005,
        "avg_active": 1.0,
        "max_density": 1.0,
        "std_density": 0.07718858650182558,
        "CUS": -2.4765388457695856
      },
      "0.35": {
        "coverage": 0.009324009324009327,
        "empty_ratio": 0.9906759906759909,
        "outside_rate": 0.7692307692307695,
        "entropy_norm": 0.41321669526270616,
        "gini": 2976.73333333334,
        "chi2": 3373.400000000002,
        "avg_active": 1.0714285714285712,
        "max_density": 2.0,
        "std_density": 0.1059349376854059,
        "CUS": -6.402868925945864
      }
    }
  }
}