{
  "implementation": "nsga3_deap_func",
  "elapsed_time": 0.12566208839416504,
  "hv_elapsed_time": 0.00011348724365234375,
  "count_elapsed_time": 0.0008924007415771484,
  "analyze_elapsed_time": 0.0003249645233154297,
  "gd_elapsed_time": 0.0014111995697021484,
  "igd_elapsed_time": 0.004483222961425781,
  "worst_point": [
    1.290495911079387,
    0.7210822252303709,
    0.79045774274204,
    1.173774529026107
  ],
  "delta": 0.1,
  "hypervolume": 0.39652271548293405,
  "gd": 0.08829250319198687,
  "igd": 0.27001806808033585,
  "points_per_niche": [
    2.0,
    0.0,
    0.0,
    1.0,
    0.0,
    0.0,
    0.0,
    0.0,
    0.0,
    0.0,
    0.0,
    0.0,
    0.0,
    0.0,
    4.0,
    3.0,
    0.0,
    0.0,
    0.0,
    0.0,
    0.0,
    0.0,
    0.0,
    0.0,
    0.0,
    0.0,
    0.0,
    0.0,
    0.0,
    0.0,
    0.0,
    0.0,
    0.0,
    0.0,
    0.0,
    0.0,
    0.0,
    0.0,
    0.0,
    0.0,
    0.0,
    0.0,
    0.0,
    0.0,
    0.0,
    0.0,
    0.0,
    0.0,
    0.0,
    0.0,
    0.0,
    0.0,
    0.0,
    0.0,
    0.0,
    0.0,
    0.0,
    0.0,
    0.0,
    0.0,
    0.0,
    0.0,
    0.0,
    0.0,
    0.0,
    0.0,
    0.0,
    0.0,
    0.0,
    0.0,
    0.0,
    0.0,
    0.0,
    0.0,
    0.0,
    0.0,
    0.0,
    0.0,
    0.0,
    2.0,
    0.0,
    0.0,
    0.0,
    0.0,
    0.0,
    0.0,
    0.0,
    1.0,
    5.0,
    0.0,
    0.0,
    0.0,
    0.0,
    0.0,
    0.0,
    0.0,
    0.0,
    0.0,
    0.0,
    0.0,
    0.0,
    0.0,
    0.0,
    0.0,
    0.0,
    0.0,
    0.0,
    0.0,
    0.0,
    0.0,
    0.0,
    0.0,
    0.0,
    0.0,
    0.0,
    0.0,
    0.0,
    0.0,
    0.0,
    0.0,
    0.0,
    0.0,
    0.0,
    0.0,
    0.0,
    0.0,
    0.0,
    0.0,
    0.0,
    0.0,
    0.0,
    0.0,
    1.0,
    2.0,
    0.0,
    0.0,
    0.0,
    0.0,
    0.0,
    0.0,
    1.0,
    3.0,
    0.0,
    0.0,
    0.0,
    0.0,
    0.0,
    2.0,
    0.0,
    0.0,
    0.0,
    0.0,
    0.0,
    0.0,
    0.0,
    0.0,
    0.0,
    0.0,
    0.0,
    0.0,
    0.0,
    0.0,
    0.0,
    0.0,
    0.0,
    0.0,
    0.0,
    0.0,
    0.0,
    0.0,
    0.0,
    0.0,
    0.0,
    0.0,
    0.0,
    1.0,
    0.0,
    2.0,
    0.0,
    0.0,
    0.0,
    0.0,
    0.0,
    2.0,
    0.0,
    0.0,
    0.0,
    0.0,
    0.0,
    0.0,
    0.0,
    0.0,
    0.0,
    0.0,
    0.0,
    0.0,
    0.0,
    0.0,
    0.0,
    0.0,
    0.0,
    0.0,
    0.0,
    0.0,
    0.0,
    0.0,
    0.0,
    0.0,
    0.0,
    0.0,
    1.0,
    1.0,
    0.0,
    0.0,
    0.0,
    0.0,
    1.0,
    3.0,
    0.0,
    0.0,
    0.0,
    0.0,
    0.0,
    0.0,
    0.0,
    0.0,
    1.0,
    0.0,
    0.0,
    0.0,
    0.0,
    0.0,
    1.0,
    0.0,
    0.0,
    0.0,
    1.0,
    1.0,
    1.0,
    0.0,
    0.0,
    0.0,
    2.0,
    0.0,
    0.0,
    0.0,
    0.0,
    0.0,
    0.0,
    0.0,
    0.0,
    0.0,
    0.0,
    0.0,
    0.0,
    0.0,
    0.0,
    2.0,
    0.0,
    0.0,
    0.0,
    0.0,
    1.0,
    0.0,
    0.0,
    0.0,
    1.0,
    0.0,
    0.0,
    0.0,
    0.0,
    2.0,
    0.0,
    0.0,
    1.0,
    0.0,
    0.0,
    0.0,
    0.0,
    0.0,
    0.0,
    0.0,
    1.0,
    0.0,
    0.0,
    0.0
  ],
  "points_out_r": 11,
  "niche_metrics": {
    "coverage": 0.10839160839160839,
    "empty_ratio": 0.8916083916083916,
    "outside_rate": 0.171875,
    "entropy_norm": 0.5820140814666106,
    "gini": 263.6037735849057,
    "chi2": 599.9433962264151,
    "avg_active": 1.7096774193548387,
    "max_density": 5.0,
    "std_density": 0.6234864797921782,
    "CUS": -23.571787587412587
  },
  "pareto_front": [
    [
      -2.573442358093098e-05,
      0.0012014097946054319,
      0.039588309417961175,
      0.9992298675085856
    ],
    [
      0.00011703278592260094,
      0.0004708005641710444,
      0.0351601872065864,
      1.073774529026107
    ],
    [
      0.007164005927355086,
      0.019959923555106736,
      0.44915065663886805,
      0.8933034251848272
    ],
    [
      0.022017227959521834,
      0.1141822184453561,
      0.40987556032591416,
      0.9049802333636785
    ],
    [
      0.030424283883305432,
      0.15582340545887863,
      0.5974765541989048,
      0.7873397047395508
    ],
    [
      0.03516922154845585,
      0.13857429305129407,
      0.5506709204220859,
      0.832693459200173
    ],
    [
      0.05715238928955687,
      0.15658009793740235,
      0.38309841535499567,
      0.9165649835100165
    ],
    [
      0.06251430758191288,
      0.17312463347131082,
      0.43358581766250115,
      0.8821449471284991
    ],
    [
      0.0689216921060884,
      0.1934597414026658,
      0.468767877799659,
      0.8701723159073627
    ],
    [
      0.0827216273815223,
      0.184270057366615,
      0.5708300398085606,
      0.8046587316914098
    ],
    [
      0.12564246905954968,
      0.25960539111340264,
      0.4846760686234013,
      0.8630272244132355
    ],
    [
      0.14767898621530626,
      0.27656286522399504,
      0.4447669854017693,
      0.8534399918738363
    ],
    [
      0.15370434298140065,
      0.1416435716254676,
      0.45599114977771743,
      0.8780597707702534
    ],
    [
      0.15771017694323583,
      0.28846221460612476,
      0.6232928976382929,
      0.7580765155622998
    ],
    [
      0.16456686711585478,
      0.3429379152672427,
      0.5181039649696035,
      0.7688530031820554
    ],
    [
      0.19096984106870885,
      0.3009264316646083,
      0.5284394667138752,
      0.7982389159330785
    ],
    [
      0.21776963585826375,
      0.356310781913568,
      0.5584978076287302,
      0.7224837398221693
    ],
    [
      0.28156744264917016,
      0.4294882469308752,
      0.5562974738115483,
      0.6582394336394677
    ],
    [
      0.29463347236670384,
      0.2672163810616146,
      0.5119876939829635,
      0.8397706951957589
    ],
    [
      0.3010601464441756,
      0.18768391559859632,
      0.3163368513832171,
      0.9225308733689643
    ],
    [
      0.3137378965419265,
      0.26674611508770374,
      0.5440729757363656,
      0.7660201395230666
    ],
    [
      0.34733686387980994,
      0.605205532125611,
      0.42819210301086397,
      0.6745926914970974
    ],
    [
      0.3727584080706315,
      0.39428998934978077,
      0.5637553117931083,
      0.6467476500649314
    ],
    [
      0.4032774173210808,
      0.3892205509947556,
      0.277985844032228,
      0.783979214378024
    ],
    [
      0.4102017914814963,
      0.5528224712538805,
      0.5312963847486741,
      0.6162739835159594
    ],
    [
      0.4284350360374198,
      0.4275191546542794,
      0.636715058406369,
      0.47812056443414896
    ],
    [
      0.4336207269742344,
      0.4169842605138644,
      0.4876097253999168,
      0.6338492378865402
    ],
    [
      0.44235736458046515,
      0.2909778321962706,
      0.5840175413345042,
      0.6899420731297954
    ],
    [
      0.490686588536936,
      0.09499860115548787,
      0.2452487300273277,
      0.9139635707606746
    ],
    [
      0.49235651969975974,
      0.26929895411018717,
      0.5573628551608434,
      0.6612842993473057
    ],
    [
      0.49617065115349346,
      0.2879481779791228,
      0.5453053754585828,
      0.6364609672247351
    ],
    [
      0.5153680115587714,
      0.3005145897809093,
      0.43745933902759215,
      0.6815363116308518
    ],
    [
      0.5525309800619094,
      0.4835577849079314,
      0.3199205691791303,
      0.6857589174242268
    ],
    [
      0.5852705029776892,
      0.47376345082039595,
      0.4220582384909752,
      0.5114590950601646
    ],
    [
      0.6174297898825848,
      0.3411571728205789,
      0.4498627490755065,
      0.5745919856119694
    ],
    [
      0.6364423780781394,
      0.15653316315078988,
      0.69045774274204,
      0.5005317238557452
    ],
    [
      0.659452734765513,
      0.25396534995733755,
      0.46962959798473164,
      0.6796053352385605
    ],
    [
      0.6815768235128439,
      0.6210822252303709,
      0.386172306606518,
      0.069414631081164
