{
  "implementation": "nsga3_deap_func",
  "elapsed_time": 0.1244351863861084,
  "hv_elapsed_time": 0.00011968612670898438,
  "count_elapsed_time": 0.0008461475372314453,
  "analyze_elapsed_time": 0.0003097057342529297,
  "gd_elapsed_time": 0.001318216323852539,
  "igd_elapsed_time": 0.004430294036865234,
  "worst_point": [
    1.311546087405627,
    0.7972518137394535,
    0.9234111816202193,
    1.1682187746642325
  ],
  "delta": 0.1,
  "hypervolume": 0.554181935001018,
  "gd": 0.10517721714680521,
  "igd": 0.2578024518650259,
  "points_per_niche": [
    2.0,
    1.0,
    0.0,
    2.0,
    1.0,
    1.0,
    0.0,
    0.0,
    0.0,
    0.0,
    0.0,
    0.0,
    0.0,
    1.0,
    2.0,
    1.0,
    0.0,
    0.0,
    0.0,
    0.0,
    0.0,
    0.0,
    0.0,
    0.0,
    1.0,
    1.0,
    0.0,
    0.0,
    0.0,
    0.0,
    0.0,
    0.0,
    0.0,
    0.0,
    0.0,
    0.0,
    0.0,
    0.0,
    0.0,
    0.0,
    0.0,
    0.0,
    0.0,
    0.0,
    0.0,
    0.0,
    0.0,
    0.0,
    0.0,
    0.0,
    0.0,
    0.0,
    0.0,
    0.0,
    0.0,
    0.0,
    0.0,
    0.0,
    0.0,
    0.0,
    0.0,
    0.0,
    0.0,
    0.0,
    0.0,
    0.0,
    0.0,
    0.0,
    0.0,
    0.0,
    0.0,
    0.0,
    0.0,
    0.0,
    0.0,
    0.0,
    0.0,
    0.0,
    1.0,
    2.0,
    0.0,
    0.0,
    0.0,
    0.0,
    0.0,
    0.0,
    0.0,
    1.0,
    2.0,
    1.0,
    0.0,
    0.0,
    0.0,
    0.0,
    0.0,
    0.0,
    0.0,
    0.0,
    0.0,
    0.0,
    0.0,
    0.0,
    0.0,
    0.0,
    0.0,
    0.0,
    0.0,
    0.0,
    0.0,
    0.0,
    0.0,
    0.0,
    0.0,
    0.0,
    0.0,
    0.0,
    0.0,
    0.0,
    0.0,
    0.0,
    0.0,
    0.0,
    0.0,
    0.0,
    0.0,
    0.0,
    0.0,
    0.0,
    0.0,
    0.0,
    0.0,
    1.0,
    0.0,
    1.0,
    0.0,
    0.0,
    0.0,
    0.0,
    0.0,
    1.0,
    2.0,
    1.0,
    0.0,
    0.0,
    0.0,
    0.0,
    0.0,
    1.0,
    0.0,
    0.0,
    0.0,
    0.0,
    0.0,
    0.0,
    0.0,
    0.0,
    0.0,
    0.0,
    0.0,
    0.0,
    0.0,
    0.0,
    0.0,
    0.0,
    0.0,
    0.0,
    0.0,
    0.0,
    0.0,
    0.0,
    0.0,
    0.0,
    0.0,
    0.0,
    0.0,
    0.0,
    1.0,
    0.0,
    1.0,
    0.0,
    0.0,
    1.0,
    1.0,
    1.0,
    0.0,
    0.0,
    1.0,
    0.0,
    0.0,
    0.0,
    0.0,
    0.0,
    0.0,
    0.0,
    0.0,
    0.0,
    0.0,
    0.0,
    0.0,
    0.0,
    0.0,
    0.0,
    0.0,
    0.0,
    0.0,
    0.0,
    0.0,
    0.0,
    0.0,
    0.0,
    0.0,
    2.0,
    0.0,
    0.0,
    0.0,
    0.0,
    1.0,
    1.0,
    0.0,
    0.0,
    1.0,
    0.0,
    1.0,
    0.0,
    0.0,
    0.0,
    0.0,
    0.0,
    0.0,
    0.0,
    0.0,
    0.0,
    1.0,
    0.0,
    0.0,
    0.0,
    0.0,
    1.0,
    1.0,
    0.0,
    0.0,
    0.0,
    1.0,
    0.0,
    0.0,
    0.0,
    0.0,
    0.0,
    0.0,
    0.0,
    0.0,
    0.0,
    0.0,
    0.0,
    0.0,
    0.0,
    1.0,
    0.0,
    1.0,
    0.0,
    0.0,
    1.0,
    1.0,
    0.0,
    0.0,
    0.0,
    0.0,
    0.0,
    0.0,
    0.0,
    1.0,
    0.0,
    0.0,
    0.0,
    0.0,
    0.0,
    0.0,
    0.0,
    0.0,
    0.0,
    0.0,
    0.0,
    0.0,
    0.0,
    0.0,
    0.0
  ],
  "points_out_r": 13,
  "niche_metrics": {
    "coverage": 0.14335664335664336,
    "empty_ratio": 0.8566433566433567,
    "outside_rate": 0.21311475409836064,
    "entropy_norm": 0.6486984433438804,
    "gini": 249.95833333333331,
    "chi2": 321.41666666666663,
    "avg_active": 1.170731707317073,
    "max_density": 2.0,
    "std_density": 0.434298952593685,
    "CUS": -28.083801444457176
  },
  "pareto_front": [
    [
      -2.914070564789549e-05,
      0.0005664310448452964,
      0.07979589273832227,
      1.0682187746642324
    ],
    [
      9.929912239328585e-10,
      3.085985396238092e-07,
      0.0015071343789124316,
      1.008376993308923
    ],
    [
      1.6910058507261026e-05,
      0.003516473976588673,
      0.04976688345029366,
      0.9989730824149545
    ],
    [
      0.0017313907021725917,
      0.03574623502073705,
      0.3199779999617995,
      0.9470335664463925
    ],
    [
      0.004092551644084691,
      0.02204943008193638,
      0.40631101748769044,
      0.9982194024467825
    ],
    [
      0.005214199090810371,
      0.04799581231219184,
      0.6950447220105724,
      0.7173495098369617
    ],
    [
      0.008382558601617641,
      0.09179189748857577,
      0.2952007004027123,
      0.9775953323956145
    ],
    [
      0.013803415860066445,
      0.048013275735868506,
      0.6095940225101448,
      0.8154473746818345
    ],
    [
      0.019350747673927842,
      0.13211286024074628,
      0.44697642838257423,
      0.8858783016513883
    ],
    [
      0.032874948541181025,
      0.12943248127644322,
      0.42730078556428186,
      0.9217570810084453
    ],
    [
      0.03779300113748563,
      0.18096760548262203,
      0.5337923327497097,
      0.8262433379983445
    ],
    [
      0.07487875223189994,
      0.15775484393972009,
      0.3073423221509253,
      0.9362433783186148
    ],
    [
      0.08318293471227585,
      0.24797004866897926,
      0.43903399079761646,
      0.8600375748355416
    ],
    [
      0.11323246636175464,
      0.34998709326849264,
      0.6628240494183678,
      0.6521940635385323
    ],
    [
      0.11522979377271568,
      0.23353812178086655,
      0.48977275335861126,
      0.8320626354943319
    ],
    [
      0.15581557549311306,
      0.35273503067251,
      0.7783000188506743,
      0.6370086248341039
    ],
    [
      0.1849268406412876,
      0.26381817817669834,
      0.5033811884586383,
      0.8183322433974728
    ],
    [
      0.18983500950719634,
      0.28426154729994246,
      0.325865145166435,
      0.9141933225470465
    ],
    [
      0.24616849416549058,
      0.397650205029737,
      0.18302267373323286,
      0.8648726433190128
    ],
    [
      0.25246095748799524,
      0.4120286666365185,
      0.4854396570376625,
      0.829682796850165
    ],
    [
      0.2764116333452698,
      0.35760306755232496,
      0.6107970147914862,
      0.7803572259215987
    ],
    [
      0.28242148080798624,
      0.13694975226075798,
      0.25930826536478985,
      0.9200630368361608
    ],
    [
      0.33919157506320485,
      0.5611418603106597,
      0.4615212178331992,
      0.667463747684601
    ],
    [
      0.4470993425160044,
      0.5407009846349161,
      0.3051532111724564,
      0.8391743275678437
    ],
    [
      0.4505491390506756,
      0.43374823977260335,
      0.33621842517004746,
      0.7691843091070604
    ],
    [
      0.4576046358599291,
      0.416783049500244,
      0.43236929931638757,
      0.7289459855470298
    ],
    [
      0.463879237172012,
      0.4317063599620266,
      0.8113246802597921,
      0.07484094826450136
    ],
    [
      0.4679751659861968,
      0.3590632542396629,
      0.6579250894977383,
      0.6942636483640481
    ],
    [
      0.46827470917965497,
      0.3626629580356807,
      0.6150307361412645,
      0.685394212075916
    ],
    [
      0.4749470913395455,
      0.23056696777469868,
      0.6214329720120706,
      0.6927668519886616
    ],
    [
      0.5054921317533176,
      0.2699945035358156,
      0.4627010593588136,
      0.6765643122251249
    ],
    [
      0.5066400429445199,
      0.41920003584675747,
      0.045678847999200134,
      0.7871970247218032
    ],
    [
      0.5086183351936205,
      0.5039636664149602,
      0.45850821282202514,
      0.5699447540122542
    ],
    [
      0.5750958516727009,
      0.5489620046443526,
      0.6595758394514574,
      0.5645867153236721
    ],
    [
      0.5979112988034101,
      0.17359570060870208,
      0.8234111816202193,
      0.3787514557435747
    ],
    [
      0.6039413943417744,
      0.40501538462877784,
      0.2626075424018352,
      0.7413531311586639
    ],
    [
      0.6399926876418124,
      0.34094802675010544,
      0.38376155370740156,
      0.5717933914989631
    ],
    [
      0.6542274609198409,
      0.5021363925634916,
