{
  "implementation": "nsga3_func",
  "elapsed_time": 0.7033951282501221,
  "hv_elapsed_time": 0.0002181529998779297,
  "count_elapsed_time": 0.0013568401336669922,
  "analyze_elapsed_time": 0.0005803108215332031,
  "gd_elapsed_time": 0.0021812915802001953,
  "igd_elapsed_time": 0.005096912384033203,
  "worst_point": [
    0.6502850563875022,
    1.1343173660320138,
    1.165281917843498,
    1.2619596514038318
  ],
  "delta": 0.1,
  "hypervolume": 0.711870852197058,
  "gd": 0.10608397375242637,
  "igd": 0.19959036148255238,
  "points_per_niche": [
    1.0,
    0.0,
    1.0,
    0.0,
    1.0,
    0.0,
    1.0,
    0.0,
    0.0,
    1.0,
    1.0,
    0.0,
    0.0,
    0.0,
    0.0,
    0.0,
    0.0,
    0.0,
    0.0,
    0.0,
    0.0,
    0.0,
    0.0,
    0.0,
    0.0,
    0.0,
    1.0,
    0.0,
    0.0,
    0.0,
    1.0,
    1.0,
    0.0,
    1.0,
    0.0,
    0.0,
    0.0,
    0.0,
    1.0,
    0.0,
    0.0,
    0.0,
    1.0,
    0.0,
    0.0,
    1.0,
    0.0,
    0.0,
    0.0,
    0.0,
    1.0,
    0.0,
    0.0,
    0.0,
    0.0,
    0.0,
    1.0,
    0.0,
    0.0,
    0.0,
    0.0,
    0.0,
    0.0,
    0.0,
    0.0,
    0.0,
    0.0,
    0.0,
    0.0,
    0.0,
    0.0,
    1.0,
    0.0,
    0.0,
    0.0,
    1.0,
    1.0,
    0.0,
    0.0,
    1.0,
    0.0,
    0.0,
    1.0,
    0.0,
    0.0,
    0.0,
    0.0,
    0.0,
    0.0,
    0.0,
    0.0,
    0.0,
    0.0,
    1.0,
    0.0,
    0.0,
    0.0,
    0.0,
    1.0,
    1.0,
    0.0,
    1.0,
    0.0,
    1.0,
    0.0,
    0.0,
    1.0,
    0.0,
    1.0,
    1.0,
    0.0,
    0.0,
    1.0,
    1.0,
    2.0,
    1.0,
    0.0,
    0.0,
    0.0,
    2.0,
    0.0,
    0.0,
    1.0,
    1.0,
    0.0,
    1.0,
    1.0,
    2.0,
    1.0,
    0.0,
    0.0,
    1.0,
    0.0,
    0.0,
    0.0,
    0.0,
    0.0,
    0.0,
    1.0,
    2.0,
    3.0,
    2.0,
    2.0,
    2.0,
    0.0,
    0.0,
    0.0,
    2.0,
    1.0,
    0.0,
    0.0,
    1.0,
    0.0,
    2.0,
    0.0,
    0.0,
    1.0,
    2.0,
    1.0,
    0.0,
    0.0,
    1.0,
    1.0,
    0.0,
    0.0,
    1.0,
    1.0,
    0.0,
    1.0,
    2.0,
    0.0,
    0.0,
    0.0,
    0.0,
    0.0,
    1.0,
    0.0,
    1.0,
    1.0,
    0.0,
    0.0,
    2.0,
    0.0,
    0.0,
    0.0,
    1.0,
    0.0,
    1.0,
    0.0,
    0.0,
    1.0,
    1.0,
    1.0,
    1.0,
    1.0,
    0.0,
    0.0,
    0.0,
    0.0,
    0.0,
    0.0,
    0.0,
    0.0,
    0.0,
    0.0,
    0.0,
    0.0,
    0.0,
    0.0,
    0.0,
    0.0,
    0.0,
    0.0,
    0.0,
    0.0,
    0.0,
    0.0,
    0.0,
    0.0,
    0.0,
    0.0,
    0.0,
    0.0,
    0.0,
    0.0,
    0.0,
    0.0,
    0.0,
    0.0,
    0.0,
    0.0,
    0.0,
    0.0,
    0.0,
    0.0,
    0.0,
    0.0,
    0.0,
    0.0,
    0.0,
    0.0,
    0.0,
    0.0,
    0.0,
    0.0,
    0.0,
    0.0,
    0.0,
    0.0,
    0.0,
    0.0,
    0.0,
    0.0,
    0.0,
    0.0,
    0.0,
    0.0,
    0.0,
    0.0,
    0.0,
    0.0,
    0.0,
    0.0,
    0.0,
    0.0,
    0.0,
    0.0,
    0.0,
    0.0,
    0.0,
    0.0,
    0.0,
    0.0,
    0.0,
    0.0,
    0.0,
    0.0,
    0.0,
    0.0,
    0.0,
    0.0,
    0.0,
    0.0,
    0.0,
    0.0,
    0.0
  ],
  "points_out_r": 16,
  "niche_metrics": {
    "coverage": 0.24475524475524477,
    "empty_ratio": 0.7552447552447552,
    "outside_rate": 0.16,
    "entropy_norm": 0.7414329324285519,
    "gini": 225.64285714285714,
    "chi2": 304.1428571428571,
    "avg_active": 1.2,
    "max_density": 3.0,
    "std_density": 0.5588720887991374,
    "CUS": -46.18531468531469
  },
  "pareto_front": [
    [
      0.003486908546848617,
      2.96754734137828e-05,
      0.0073858812680221006,
      1.1619596514038317
    ],
    [
      0.007233477760826827,
      0.002828286674355423,
      0.2585271762094617,
      0.9666739179772174
    ],
    [
      0.010771689899224788,
      0.3198725039928697,
      0.8201670719367705,
      0.7030112357876439
    ],
    [
      0.027475738613908843,
      0.011036893481876461,
      0.9855975559855231,
      0.1705163198862336
    ],
    [
      0.027982782374151163,
      0.01094125579936158,
      1.0001150136730736,
      -0.014909700873325804
    ],
    [
      0.03460641854178353,
      0.3994721158664627,
      1.0248862128430272,
      -0.24411003312296484
    ],
    [
      0.03797424711994186,
      0.05287851717225909,
      0.03819990141682392,
      1.0259330302975225
    ],
    [
      0.038101802801176476,
      0.03803775329054012,
      0.8684943835171448,
      0.6106443525854475
    ],
    [
      0.04701534775928869,
      0.3616450069863573,
      0.9371555739298958,
      0.509545722791191
    ],
    [
      0.0493671133431602,
      0.07215819150937135,
      0.5039833377187816,
      0.859557005299986
    ],
    [
      0.05058193302958908,
      0.3299079773880369,
      0.028107089225487315,
      0.9570520765961912
    ],
    [
      0.05089630106214027,
      0.7030495580329036,
      0.033108143039616664,
      0.7165212842078785
    ],
    [
      0.06783299737326921,
      0.4951560927129083,
      0.5032580668826454,
      0.7201698823097918
    ],
    [
      0.06801543511343533,
      0.5231789974778779,
      0.8561049941072264,
      0.509545722791191
    ],
    [
      0.07021223971136793,
      0.5205706989875274,
      0.0423659376200127,
      0.859190387142156
    ],
    [
      0.07038894414447905,
      0.929371252868038,
      0.06321909376399774,
      0.35681659497178986
    ],
    [
      0.0716196434122852,
      0.9456206302997706,
      0.0643244334356232,
      0.3107006322346838
    ],
    [
      0.07244409079628562,
      0.4724984206186248,
      0.20438991672623305,
      0.8639034496950168
    ],
    [
      0.07455938988487164,
      0.9844351898239788,
      0.13118779210496356,
      -0.09461755553057649
    ],
    [
      0.07755032481432476,
      1.0239256094689602,
      0.07608260622529962,
      0.0028958225303942495
    ],
    [
      0.09086353474228503,
      0.13262729569297746,
      0.9267367954232963,
      0.34783655096409444
    ],
    [
      0.09258973374894028,
      0.6758712214377295,
      0.6788474271952938,
      0.3090074704255793
    ],
    [
      0.0965055168500859,
      0.7044550071372624,
      0.715981627440564,
      -0.059113029496138184
    ],
    [
      0.09782198959289687,
      0.08233258195168815,
      0.008237960577202557,
      0.9921919711158991
    ],
    [
      0.09985111348482383,
      0.7680610344242405,
      0.41713598979495603,
      0.7044537454734456
    ],
    [
      0.11012231681806371,
      0.8164737612098102,
      0.08822763163825997,
      0.574136064436775
    ],
    [
      0.11192975669114956,
      0.6421401719710308,
      0.26678478109868764,
      0.709963052479993
    ],
    [
      0.11521351061474266,
      0.8410165251847502,
      0.42876091823038864,
      0.3496043413502298
    ],
    [
      0.11707966384097318,
      0.854638761790618,
      0.5025992846858891,
      0.15537200434160273
    ],
    [
      0.12426693492864084,
      0.9071032142967429,
      0.43009407146864176,
      -0.05801941355205329
    ],
    [
      0.12634100162127485,
      0.9222431432298456,
      0.3927702112944485,
      0.083598937023794
    ],
    [
      0.12714339992384752,
      -0.010038439954285746,
      0.7258858091337345,
      0.715793075444019
    ],
    [
      0.15659070649194823,
      0.9469583313545238,
      0.2804129675547271,
      0.21179821333682813
    ],
    [
      0.15811458186679647,
      0.24653728860494234,
      0.5093462124276456,
      0.8099471074470965
    ],
    [
      0.17347284238973812,
      0.46582853976414174,
      0.8677739927366842,
      0.23072767340072636
    ],
    [
      0.18694596854858933,
      0.00918362263717265,
      1.065281917843498,
      -0.06030749727692543
    ],
    [
      0.2025132699674523,
      0.4873262851675577,
      0.8738999210299843,
      -0.10285732248201815
    ],
    [
      0.20370134722716712,
      0.4855818150288152,
      0.03408583246272326,
