{
  "implementation": "nsga3_pymoo_func",
  "elapsed_time": 0.14130306243896484,
  "hv_elapsed_time": 0.00025725364685058594,
  "count_elapsed_time": 0.0015676021575927734,
  "analyze_elapsed_time": 0.0002448558807373047,
  "gd_elapsed_time": 0.0025238990783691406,
  "igd_elapsed_time": 0.005262136459350586,
  "worst_point": [
    1.1489263647378232,
    1.070902193542082,
    1.1027181153544725,
    1.1001806739156859
  ],
  "delta": 0.1,
  "hypervolume": 1.158799390712137,
  "gd": 0.11563448910217186,
  "igd": 0.15470804055923754,
  "points_per_niche": [
    0.0,
    0.0,
    1.0,
    2.0,
    0.0,
    2.0,
    0.0,
    1.0,
    0.0,
    1.0,
    0.0,
    0.0,
    1.0,
    0.0,
    0.0,
    1.0,
    1.0,
    0.0,
    0.0,
    1.0,
    0.0,
    0.0,
    0.0,
    0.0,
    1.0,
    0.0,
    1.0,
    1.0,
    0.0,
    0.0,
    0.0,
    0.0,
    0.0,
    1.0,
    0.0,
    1.0,
    0.0,
    1.0,
    1.0,
    1.0,
    0.0,
    1.0,
    0.0,
    1.0,
    0.0,
    0.0,
    0.0,
    0.0,
    0.0,
    0.0,
    0.0,
    0.0,
    0.0,
    1.0,
    0.0,
    0.0,
    0.0,
    1.0,
    0.0,
    0.0,
    0.0,
    0.0,
    0.0,
    0.0,
    0.0,
    0.0,
    0.0,
    1.0,
    0.0,
    0.0,
    0.0,
    1.0,
    0.0,
    1.0,
    0.0,
    1.0,
    0.0,
    0.0,
    0.0,
    1.0,
    0.0,
    0.0,
    0.0,
    0.0,
    0.0,
    2.0,
    0.0,
    1.0,
    0.0,
    1.0,
    0.0,
    1.0,
    2.0,
    0.0,
    1.0,
    1.0,
    0.0,
    1.0,
    0.0,
    0.0,
    0.0,
    0.0,
    0.0,
    0.0,
    0.0,
    0.0,
    0.0,
    0.0,
    0.0,
    0.0,
    2.0,
    1.0,
    0.0,
    0.0,
    1.0,
    0.0,
    0.0,
    0.0,
    0.0,
    0.0,
    0.0,
    0.0,
    0.0,
    0.0,
    2.0,
    2.0,
    0.0,
    1.0,
    0.0,
    1.0,
    0.0,
    0.0,
    1.0,
    0.0,
    0.0,
    0.0,
    1.0,
    0.0,
    1.0,
    0.0,
    1.0,
    1.0,
    0.0,
    0.0,
    0.0,
    1.0,
    0.0,
    1.0,
    1.0,
    0.0,
    1.0,
    0.0,
    0.0,
    1.0,
    0.0,
    1.0,
    1.0,
    0.0,
    0.0,
    1.0,
    1.0,
    0.0,
    0.0,
    0.0,
    0.0,
    1.0,
    3.0,
    0.0,
    1.0,
    1.0,
    0.0,
    0.0,
    0.0,
    1.0,
    0.0,
    1.0,
    0.0,
    0.0,
    1.0,
    0.0,
    0.0,
    0.0,
    0.0,
    1.0,
    0.0,
    1.0,
    0.0,
    1.0,
    0.0,
    0.0,
    0.0,
    0.0,
    1.0,
    0.0,
    0.0,
    1.0,
    0.0,
    0.0,
    1.0,
    0.0,
    0.0,
    0.0,
    2.0,
    0.0,
    0.0,
    0.0,
    2.0,
    1.0,
    0.0,
    1.0,
    0.0,
    0.0,
    0.0,
    0.0,
    0.0,
    0.0,
    0.0,
    0.0,
    0.0,
    0.0,
    0.0,
    1.0,
    0.0,
    0.0,
    1.0,
    0.0,
    0.0,
    1.0,
    1.0,
    1.0,
    1.0,
    2.0,
    0.0,
    1.0,
    0.0,
    2.0,
    1.0,
    0.0,
    0.0,
    0.0,
    0.0,
    0.0,
    1.0,
    0.0,
    0.0,
    0.0,
    0.0,
    0.0,
    0.0,
    0.0,
    1.0,
    1.0,
    1.0,
    1.0,
    0.0,
    0.0,
    0.0,
    0.0,
    0.0,
    0.0,
    0.0,
    0.0,
    0.0,
    0.0,
    0.0,
    1.0,
    2.0,
    0.0,
    0.0,
    1.0,
    0.0,
    0.0,
    0.0,
    0.0,
    0.0,
    1.0,
    0.0,
    1.0,
    0.0,
    1.0,
    1.0,
    0.0,
    0.0,
    0.0,
    1.0,
    0.0
  ],
  "points_out_r": 10,
  "niche_metrics": {
    "coverage": 0.3321678321678322,
    "empty_ratio": 0.6678321678321678,
    "outside_rate": 0.08403361344537816,
    "entropy_norm": 0.7971177177881373,
    "gini": 201.6422018348624,
    "chi2": 255.71559633027525,
    "avg_active": 1.1473684210526316,
    "max_density": 3.0,
    "std_density": 0.5837485627123018,
    "CUS": -61.04630663454193
  },
  "pareto_front": [
    [
      0.5614485513455294,
      0.41268471897975906,
      0.48530753419547906,
      0.528871489480945
    ],
    [
      -0.05806729561275954,
      -0.08589186100417828,
      1.0020044518637115,
      0.12437967722568559
    ],
    [
      0.2154222482577263,
      0.8932624469605946,
      0.07816931663702881,
      0.40157670354246905
    ],
    [
      0.5815615100959808,
      0.21195167629266687,
      0.8116059108952578,
      0.2663405495136425
    ],
    [
      -0.033219805172102095,
      0.30488199723567866,
      0.8909781324862346,
      0.37686503472863747
    ],
    [
      0.778177468727393,
      0.6051385610014356,
      -0.04197246164290684,
      0.40390375136116424
    ],
    [
      0.35373048224241654,
      0.49211168545957734,
      0.7973742834033043,
      0.015574051318231842
    ],
    [
      1.0019726304341137,
      0.06990930939444363,
      -0.038914572073103386,
      0.14100227185866784
    ],
    [
      0.4456444857757867,
      0.8047710477331838,
      0.04196916065428703,
      0.46435891141139907
    ],
    [
      0.08845495361477018,
      0.261649898104205,
      0.023496384230006304,
      0.9668771052648844
    ],
    [
      1.048926364737823,
      0.04493757707632869,
      0.07099329815362297,
      -0.15833432219333843
    ],
    [
      0.5674790551548905,
      0.16589778026121452,
      0.1393214604721887,
      0.7968101632796957
    ],
    [
      0.7983176484502813,
      0.6325055970056966,
      0.0,
      0.0
    ],
    [
      0.08063264843641803,
      0.10691516541067707,
      0.7623771631857706,
      0.635824456831762
    ],
    [
      0.5966542687164798,
      0.16375580205608203,
      0.013150474593265554,
      0.789814819610799
    ],
    [
      0.02957931188416913,
      0.690197194090266,
      0.7334192925804865,
      0.13036269237948678
    ],
    [
      0.4000773661211923,
      0.010034176062059048,
      0.9477526456822543,
      -0.1337102564444095
    ],
    [
      0.1122928686713851,
      0.009102670478014236,
      0.9580930418782266,
      0.3242439781494176
    ],
    [
      0.927120110302281,
      0.4267367174598762,
      0.015334084331982484,
      -0.017613191632937095
    ],
    [
      0.37989326971819526,
      0.33098206693846755,
      0.6605496081017304,
      0.5628877130513201
    ],
    [
      0.7691768135427302,
      0.08979557852737763,
      0.18353863792695024,
      0.6428813271170679
    ],
    [
      0.8489935240645775,
      0.002745765298478195,
      -0.014563777121660843,
      0.5288542860530941
    ],
    [
      0.7250200560918737,
      -0.014228672095521885,
      -0.003717541119947092,
      0.6945931969562664
    ],
    [
      0.21773325466896545,
      0.2936245264906525,
      0.36643165985100024,
      0.8605572749100755
    ],
    [
      0.582320335119868,
      0.8056110919695885,
      0.3840676378162813,
      -0.10271833841429881
    ],
    [
      0.5454565506439262,
      0.7299781197690426,
      0.04157390668516676,
      0.45998570737371064
    ],
    [
      5.093922767684104e-17,
      0.8319007196574051,
      0.6352097673057175,
      0.31955426969806106
    ],
    [
      0.018881887693345797,
      0.6615223160543563,
      0.47206336484690886,
      0.6150161239117481
    ],
    [
      0.622568254163863,
      -0.017131549450891678,
      0.03150941139928455,
      0.7996835482643595
    ],
    [
      0.7263236496200849,
      0.6300211248311924,
      -0.04216195671822648,
      0.2724518253642873
    ],
    [
      -0.02688805143752652,
      -0.0396267724883118,
      0.46487676269144057,
      0.8843002649234439
    ],
    [
      0.994030311093327,
      0.20595557656249563,
      0.0838028710517845,
      -0.010316425472697592
    ],
    [
      0.6488521620028119,
      -0.04577320679266342,
      -0.02632328118813888,
      0.8431406452815466
    ],
    [
      0.2743019793970713,
      4.928096878259786e-05,
      0.5781706602023078,
      0.8186260357472966
    ],
    [
      0.5516639658506423,
      0.7647022502845183,
      0.37543855539912324,
      -0.019047080459567715
    ],
    [
      0.04298679145390364,
      0.2511796557477207,
      0.5628656624621328,
      0.8007757199334035
    ],
    [
      0.11373352025813228,
      0.5455770935826754,
      0.11967628219299688,
      0.8236259939916616
    ],
    [
      0.1414800656423638,
      0.13725344343074317,
