{
  "implementation": "nsga3_func",
  "elapsed_time": 0.7251896858215332,
  "hv_elapsed_time": 0.00023627281188964844,
  "count_elapsed_time": 0.0013034343719482422,
  "analyze_elapsed_time": 0.00028395652770996094,
  "gd_elapsed_time": 0.002100706100463867,
  "igd_elapsed_time": 0.0049571990966796875,
  "worst_point": [
    0.5638493730075934,
    1.1568003504804072,
    1.1086560096808522,
    1.2185573166270776
  ],
  "delta": 0.1,
  "hypervolume": 0.5115038127252641,
  "gd": 0.08582867972635526,
  "igd": 0.24151781845012352,
  "points_per_niche": [
    1.0,
    1.0,
    1.0,
    1.0,
    0.0,
    0.0,
    2.0,
    0.0,
    0.0,
    1.0,
    1.0,
    0.0,
    0.0,
    1.0,
    0.0,
    0.0,
    0.0,
    0.0,
    0.0,
    0.0,
    0.0,
    0.0,
    2.0,
    0.0,
    2.0,
    0.0,
    0.0,
    1.0,
    0.0,
    1.0,
    0.0,
    0.0,
    0.0,
    0.0,
    0.0,
    0.0,
    0.0,
    0.0,
    0.0,
    0.0,
    0.0,
    0.0,
    0.0,
    0.0,
    1.0,
    0.0,
    0.0,
    1.0,
    0.0,
    0.0,
    0.0,
    0.0,
    0.0,
    0.0,
    0.0,
    0.0,
    0.0,
    0.0,
    0.0,
    0.0,
    1.0,
    0.0,
    0.0,
    0.0,
    0.0,
    0.0,
    1.0,
    1.0,
    0.0,
    0.0,
    2.0,
    0.0,
    0.0,
    1.0,
    0.0,
    0.0,
    0.0,
    1.0,
    0.0,
    1.0,
    0.0,
    0.0,
    0.0,
    0.0,
    0.0,
    0.0,
    0.0,
    1.0,
    2.0,
    1.0,
    1.0,
    0.0,
    1.0,
    3.0,
    0.0,
    2.0,
    1.0,
    4.0,
    0.0,
    0.0,
    1.0,
    1.0,
    1.0,
    1.0,
    0.0,
    1.0,
    2.0,
    1.0,
    1.0,
    1.0,
    2.0,
    0.0,
    0.0,
    1.0,
    1.0,
    0.0,
    0.0,
    2.0,
    0.0,
    1.0,
    2.0,
    0.0,
    2.0,
    1.0,
    0.0,
    1.0,
    1.0,
    1.0,
    0.0,
    0.0,
    0.0,
    0.0,
    1.0,
    0.0,
    1.0,
    1.0,
    0.0,
    0.0,
    1.0,
    1.0,
    3.0,
    4.0,
    2.0,
    0.0,
    0.0,
    1.0,
    1.0,
    4.0,
    2.0,
    0.0,
    1.0,
    1.0,
    1.0,
    1.0,
    0.0,
    2.0,
    0.0,
    0.0,
    0.0,
    0.0,
    2.0,
    0.0,
    0.0,
    0.0,
    0.0,
    0.0,
    0.0,
    0.0,
    0.0,
    0.0,
    0.0,
    0.0,
    0.0,
    1.0,
    0.0,
    0.0,
    0.0,
    0.0,
    0.0,
    0.0,
    0.0,
    0.0,
    0.0,
    0.0,
    0.0,
    0.0,
    0.0,
    0.0,
    0.0,
    0.0,
    0.0,
    1.0,
    0.0,
    0.0,
    0.0,
    0.0,
    0.0,
    0.0,
    0.0,
    0.0,
    0.0,
    0.0,
    0.0,
    0.0,
    0.0,
    0.0,
    0.0,
    0.0,
    0.0,
    0.0,
    0.0,
    0.0,
    0.0,
    0.0,
    0.0,
    0.0,
    0.0,
    0.0,
    0.0,
    0.0,
    0.0,
    0.0,
    0.0,
    0.0,
    0.0,
    0.0,
    0.0,
    0.0,
    0.0,
    0.0,
    0.0,
    0.0,
    0.0,
    0.0,
    0.0,
    0.0,
    0.0,
    0.0,
    0.0,
    0.0,
    0.0,
    0.0,
    0.0,
    0.0,
    0.0,
    0.0,
    0.0,
    0.0,
    0.0,
    0.0,
    0.0,
    0.0,
    0.0,
    0.0,
    0.0,
    0.0,
    0.0,
    0.0,
    0.0,
    0.0,
    0.0,
    0.0,
    0.0,
    0.0,
    0.0,
    0.0,
    0.0,
    0.0,
    0.0,
    0.0,
    0.0,
    0.0,
    0.0,
    0.0,
    0.0,
    0.0,
    0.0,
    0.0,
    0.0,
    0.0,
    0.0,
    0.0,
    0.0,
    0.0,
    0.0,
    0.0
  ],
  "points_out_r": 2,
  "niche_metrics": {
    "coverage": 0.24475524475524477,
    "empty_ratio": 0.7552447552447552,
    "outside_rate": 0.02,
    "entropy_norm": 0.7312187495661333,
    "gini": 231.57142857142856,
    "chi2": 415.63265306122446,
    "avg_active": 1.4,
    "max_density": 4.0,
    "std_density": 0.7056702919264944,
    "CUS": -55.3048951048951
  },
  "pareto_front": [
    [
      0.002777827236587913,
      0.0007657632245364694,
      0.9937399188784396,
      0.12693223811522578
    ],
    [
      0.002888789126166034,
      0.00030370151509660895,
      1.0017637443401806,
      0.010272147457836863
    ],
    [
      0.005881471120335829,
      0.2953733960890673,
      0.1478125842750541,
      0.9571923606763018
    ],
    [
      0.015918982530866134,
      0.9770200849719528,
      0.06130159639596094,
      0.2916246759987135
    ],
    [
      0.01618951077451474,
      0.813053516824192,
      0.40687327656098676,
      0.44468031827860016
    ],
    [
      0.023553498995075976,
      0.0010941232677672082,
      0.007769057374659111,
      1.1185573166270775
    ],
    [
      0.026352948513654283,
      0.010709731206303355,
      0.0719485951772252,
      0.9982745725771832
    ],
    [
      0.03357976855239208,
      0.008680208011664213,
      0.8892403581139846,
      0.502135279565458
    ],
    [
      0.04627738889071895,
      0.00551325580815532,
      0.4611574747875009,
      0.8881925643781361
    ],
    [
      0.046551896519055336,
      0.016820056040595336,
      0.8113873738592543,
      0.585751765531808
    ],
    [
      0.0538545536731152,
      0.17550539935853376,
      0.2236260909930786,
      0.9624182881894368
    ],
    [
      0.06177151439282576,
      0.25995177014502907,
      0.08171395825163544,
      0.9703025710391657
    ],
    [
      0.06287592288338392,
      0.06512140176859478,
      0.2591463965028725,
      0.9692136800620299
    ],
    [
      0.06311170567216912,
      0.29660734358610097,
      1.0086560096808521,
      0.00925534351352754
    ],
    [
      0.06337990151357353,
      0.007550763310461979,
      0.6315852306036621,
      0.8006297509778085
    ],
    [
      0.07219343772440823,
      0.3392889410882782,
      0.5484000897787691,
      0.8410281187059473
    ],
    [
      0.07485815865712205,
      0.7902129909931737,
      0.029855569714715816,
      0.6123090797759276
    ],
    [
      0.07525677247714005,
      0.35368575660523616,
      0.9903147328940997,
      0.013878348633982433
    ],
    [
      0.07788092656130487,
      0.006166371779381398,
      -0.0033069619087426104,
      1.008943020570758
    ],
    [
      0.07884632661405948,
      0.37055565587147765,
      0.946755840010577,
      0.3007739140888782
    ],
    [
      0.09027937088892403,
      0.032975582289515804,
      0.9510498099473439,
      0.3260286399696787
    ],
    [
      0.09414117127784,
      0.9937671172464103,
      0.06949018180758092,
      0.04313248012886257
    ],
    [
      0.09439838844196469,
      0.9964823369130968,
      0.045831249215189586,
      0.043191114202977665
    ],
    [
      0.09450899327339991,
      0.7290998614174172,
      0.43627920217298605,
      0.6050386529719549
    ],
    [
      0.09637379999703363,
      0.5305571109976837,
      0.8424163924313032,
      0.04435337384947065
    ],
    [
      0.09833575181603171,
      1.056800350480407,
      0.006740562102453826,
      0.009219209672289489
    ],
    [
      0.10953741336811997,
      0.04321243994808865,
      0.07324315367669881,
      0.99157469485189
    ],
    [
      0.10980188895528002,
      0.3642503882936793,
      0.46130892885453634,
      0.8053924938281617
    ],
    [
      0.12163508687488794,
      0.4831113277575903,
      -0.04013235428248819,
      0.8693313197422928
    ],
    [
      0.1219983554661785,
      0.7410827901380403,
      0.661026748826466,
      0.04545689020942678
    ],
    [
      0.12898371259125602,
      0.5190974914457336,
      -0.02627503667151615,
      0.8478532654574631
    ],
    [
      0.13164356583944437,
      0.43755572089854866,
      0.5437280573590844,
      0.7060504389698344
    ],
    [
      0.13299890800980413,
      0.4933409949217844,
      0.6224056606188674,
      0.5953832376838187
    ],
    [
      0.1364453335658414,
      0.8288414062132339,
      0.5435515224280931,
      0.04545689020942678
    ],
    [
      0.1377710528077947,
      0.1426912508086566,
      0.5678305818868875,
      0.8049702832762861
    ],
    [
      0.14429458701043976,
      0.19427805479523869,
      0.07401065874121046,
      0.982632931206649
    ],
    [
      0.14508141804976815,
      0.48128464238305313,
      0.3238166196692945,
      0.8053924938281617
    ],
    [
      0.15196284784838265,
      0.8728917340561166,
