{
  "implementation": "nsga3_func",
  "elapsed_time": 0.6026406288146973,
  "hv_elapsed_time": 0.0002849102020263672,
  "count_elapsed_time": 0.0006215572357177734,
  "analyze_elapsed_time": 8.96453857421875e-05,
  "gd_elapsed_time": 0.0019516944885253906,
  "igd_elapsed_time": 0.004693746566772461,
  "worst_point": [
    1.0892472946563567,
    1.0999999988423046
  ],
  "delta": 0.1,
  "hypervolume": 0.41377023447507627,
  "gd": 0.002739564515471035,
  "igd": 0.02051768994205185,
  "points_per_niche": [
    6.0,
    9.0,
    5.0,
    5.0,
    6.0,
    13.0,
    20.0,
    14.0,
    17.0,
    4.0,
    1.0
  ],
  "points_out_r": 0,
  "niche_metrics": {
    "coverage": 1.0,
    "empty_ratio": 0.0,
    "outside_rate": 0.0,
    "entropy_norm": 0.914263909306314,
    "gini": 3.8600000000000008,
    "chi2": 40.14,
    "avg_active": 9.090909090909092,
    "max_density": 20.0,
    "std_density": 5.759648749620784,
    "CUS": -2.8600000000000008
  },
  "pareto_front": [
    [
      4.8118506694205605e-05,
      0.9999999988423046
    ],
    [
      4.8118506694205605e-05,
      0.9999999988423046
    ],
    [
      8.719114506699787e-05,
      0.9999999961988522
    ],
    [
      8.719114506699787e-05,
      0.9999999961988522
    ],
    [
      8.719114506699787e-05,
      0.9999999961988522
    ],
    [
      8.719114506699787e-05,
      0.9999999961988522
    ],
    [
      0.10771573488968034,
      0.9941817341196609
    ],
    [
      0.10771573488968034,
      0.9941817341196609
    ],
    [
      0.10961825990234852,
      0.9939737607683521
    ],
    [
      0.10961825990234852,
      0.9939737607683521
    ],
    [
      0.10961825990234852,
      0.9939737607683521
    ],
    [
      0.10961825990234852,
      0.9939737607683521
    ],
    [
      0.10961825990234852,
      0.9939737607683521
    ],
    [
      0.1229420126730037,
      0.9924138559693284
    ],
    [
      0.13551296884252256,
      0.9907755726073819
    ],
    [
      0.2627950763854717,
      0.9648516714125307
    ],
    [
      0.2677224813184214,
      0.9634960679715863
    ],
    [
      0.2677224813184214,
      0.9634960679715863
    ],
    [
      0.2827980808610563,
      0.9591794646786926
    ],
    [
      0.30550755065032337,
      0.9521896536382025
    ],
    [
      0.38771526856262295,
      0.9217791875082737
    ],
    [
      0.3924926919671156,
      0.9197551232542317
    ],
    [
      0.41517424191969965,
      0.9097419133173994
    ],
    [
      0.41536284729745176,
      0.9096558168257672
    ],
    [
      0.4184129866428276,
      0.9082568869040459
    ],
    [
      0.4834850531300689,
      0.8753526166064819
    ],
    [
      0.5506654712409367,
      0.8347260261804451
    ],
    [
      0.5507215276965114,
      0.8346890432560023
    ],
    [
      0.5507215276965114,
      0.8346890432560023
    ],
    [
      0.5507215276965114,
      0.8346890432560023
    ],
    [
      0.5729593975244208,
      0.8195837533702414
    ],
    [
      0.6918693280533869,
      0.7220227371066337
    ],
    [
      0.6929008059744148,
      0.7210329209405117
    ],
    [
      0.6936288239813567,
      0.7203325999441091
    ],
    [
      0.7023445995175861,
      0.7118371046303231
    ],
    [
      0.7065847550054664,
      0.707628422262606
    ],
    [
      0.7078792053018471,
      0.7063335123730329
    ],
    [
      0.7078792053018471,
      0.7063335123730329
    ],
    [
      0.7079536375206543,
      0.7062589094101921
    ],
    [
      0.7103975615981762,
      0.7038006141481872
    ],
    [
      0.719153140078032,
      0.6948516108608417
    ],
    [
      0.7301054779433536,
      0.6833344650148325
    ],
    [
      0.7470645448078201,
      0.6647515068738727
    ],
    [
      0.7699993050637578,
      0.6380447242955074
    ],
    [
      0.7747562412572723,
      0.6322600466840391
    ],
    [
      0.7855619625495955,
      0.618783001540304
    ],
    [
      0.7871642119871698,
      0.6167434664158333
    ],
    [
      0.7927736443463815,
      0.6095161596133091
    ],
    [
      0.7961858153024934,
      0.6050521857749989
    ],
    [
      0.808698989856003,
      0.5882226991589838
    ],
    [
      0.8123998900863344,
      0.5831006933521103
    ],
    [
      0.8176790188239196,
      0.5756744063923219
    ],
    [
      0.8189218702994009,
      0.5739050185747909
    ],
    [
      0.8189218702994009,
      0.5739050185747909
    ],
    [
      0.8231497356890536,
      0.567824367771445
    ],
    [
      0.8314642814785159,
      0.5555782110787061
    ],
    [
      0.8319268882306575,
      0.5548852607871785
    ],
    [
      0.8335522440903168,
      0.5524406360614658
    ],
    [
      0.8366870583347172,
      0.5476812635239564
    ],
    [
      0.8417896954325574,
      0.5398056211855914
    ],
    [
      0.8419213560744171,
      0.5396002503574424
    ],
    [
      0.8419213560744171,
      0.5396002503574424
    ],
    [
      0.8465772411346786,
      0.5322658873089616
    ],
    [
      0.8487721494968037,
      0.528758771311243
    ],
    [
      0.891740483100028,
      0.4525471365510213
    ],
    [
      0.8935249146760242,
      0.4490136154430104
    ],
    [
      0.9083522819321488,
      0.4182058487260287
    ],
    [
      0.9128088098583393,
      0.4083871651325518
    ],
    [
      0.9188915570597839,
      0.39451021072241715
    ],
    [
      0.9191216937384464,
      0.39397374544424835
    ],
    [
      0.920493071563407,
      0.39075888371701084
    ],
    [
      0.920493071563407,
      0.39075888371701084
    ],
    [
      0.9209384219147297,
      0.38970812544929995
    ],
    [
      0.9209384219147297,
      0.38970812544929995
    ],
    [
      0.9209384219147297,
      0.38970812544929995
    ],
    [
      0.9211137851592817,
      0.38929345587813413
    ],
    [
      0.9292433795681624,
      0.3694681874380258
    ],
    [
      0.9418225231119426,
      0.33611059929590775
    ],
    [
      0.9488748959582352,
      0.31565239080394814
    ],
    [
      0.9577303584055933,
      0.28766744791215754
    ],
    [
      0.9583416696636847,
      0.28562430601442323
    ],
    [
      0.9596063992780185,
      0.2813459764501281
    ],
    [
      0.9616218719563809,
      0.27437816125760744
    ],
    [
      0.9635376673490283,
      0.2675727258141106
    ],
    [
      0.970416665193842,
      0.24143631854810674
    ],
    [
      0.9710658940114885,
      0.2388117029956208
    ],
    [
      0.9729413174373501,
      0.23105235948432448
    ],
    [
      0.9729413174373501,
      0.23105235948432448
    ],
    [
      0.9763195741956762,
      0.21633328232700041
    ],
    [
      0.9783565237272369,
      0.20692634554439043
    ],
    [
      0.9785263750488777,
      0.20612164693137663
    ],
    [
      0.9809062710317173,
      0.19448107221694125
    ],
    [
      0.9814656922668823,
      0.19163792657793388
    ],
    [
      0.9832364867769677,
      0.18233488714583865
    ],
    [
      0.9834786569020769,
      0.1810241183325769
    ],
    [
      0.9844609138937847,
      0.1756038411180529
    ],
    [
      0.9861898359752456,
      0.16561886190624014
    ],
    [
      0.9880438797382171,
      0.15417292794732695
    ],
    [
      0.9882836010604021,
      0.15262871248583548
    ],
    [
      0.9892472946563567,
      -0.14625248720989106
    ]
  ]
}