{
  "iteration": 0,
  "elapsed_time": 2.785029172897339,
  "hypervolume": 307.0149115229635,
  "points_in_r": 0,
  "points_out_r": 60,
  "pareto_front": [
    [
      0.0047758753742165394,
      0.0013017651044011631,
      0.0006481766659531502,
      0.0038504304577327707,
      0.0021558639437223386,
      2.0664908151594816
    ],
    [
      0.006244913742408809,
      0.00035599540106342494,
      0.004520493515273187,
      0.0013509813627837505,
      0.0025819636585907874,
      2.558447438044691
    ],
    [
      0.007975369415445183,
      0.001173306782467394,
      0.0014515588849241209,
      0.0053342228823395135,
      2.040363142602487,
      -0.09006324563454998
    ],
    [
      0.014875551518644496,
      0.018820034070170712,
      0.0032281298184195484,
      0.4769143517557485,
      1.3197625409486808,
      0.6838450313039298
    ],
    [
      0.016513678052703037,
      0.004333041764685417,
      0.9438154727861493,
      0.1287630007992146,
      0.13169769930086372,
      1.1137136878444105
    ],
    [
      0.020425156067009956,
      0.005892221984201846,
      0.11065900380815807,
      0.5964421551237361,
      0.40326284042289484,
      1.176867912904634
    ],
    [
      0.020679843392220607,
      0.019876603071021213,
      0.649220161803196,
      0.0886438087373603,
      0.570121733382316,
      1.0063166256883402
    ],
    [
      0.0261901067916582,
      0.007533222724024476,
      0.1418604462432387,
      0.7646151453777539,
      0.2512773247979845,
      1.320543431516878
    ],
    [
      0.031655204033116086,
      0.030425662020976983,
      0.9937791256206422,
      0.13568951169665247,
      0.8727009896370932,
      0.6393002714810129
    ],
    [
      0.034437243729485915,
      0.04356881151326585,
      0.007473194738897657,
      1.104067687770615,
      1.108923537676596,
      0.2299097199637825
    ],
    [
      0.03496949630201997,
      0.009082789684376272,
      0.18807395367880353,
      1.0137018262815543,
      0.11063407105765939,
      1.4977766854081087
    ],
    [
      0.03522659169803594,
      0.011086541967574397,
      0.2547556354780746,
      0.38921243992970717,
      0.3100160273027365,
      1.2375717286871095
    ],
    [
      0.03656993177158932,
      0.06884492632965282,
      0.24482024018309145,
      0.04219649470435252,
      1.6719870292257144,
      0.4688145749080337
    ],
    [
      0.04497364708117002,
      0.04221052607067588,
      0.035526865362418884,
      0.021818080148465317,
      0.8346015733884863,
      1.0488186500775378
    ],
    [
      0.04546694187261763,
      0.04370092845070487,
      1.4273829254597499,
      0.30191178228558263,
      0.2080089122002058,
      0.18571234805798764
    ],
    [
      0.04581126132281355,
      0.013868135659968127,
      1.0833634668847565,
      0.14792125938425096,
      0.9461076032143783,
      0.19099660158112083
    ],
    [
      0.04848611915369213,
      0.0613429635371256,
      0.013498942575305145,
      1.563382318543656,
      0.7096199330919795,
      0.25235975185185616
    ],
    [
      0.050793941326852075,
      0.04882101817784449,
      0.5948071163739148,
      0.07273169992724857,
      0.5244798234409035,
      1.0619237854247678
    ],
    [
      0.05158099279721593,
      0.006059956066773064,
      0.21385440035187125,
      1.1648610616791542,
      0.6422023610193822,
      0.314526931406903
    ],
    [
      0.05293876834343174,
      0.01534654370784409,
      0.37228708878506656,
      0.5690277142312403,
      0.09902354996908766,
      1.1519188678229195
    ],
    [
      0.05507424248872043,
      0.010325409156926393,
      0.2932250349453877,
      1.5801619647284624,
      0.5195319870334608,
      0.01514197126252938
    ],
    [
      0.055699853766475,
      0.01616840312389515,
      0.049463884211879014,
      0.9441859318289175,
      0.5981442246893177,
      0.6204088508543304
    ],
    [
      0.05608543669895648,
      0.015914319515803656,
      0.30347891455679,
      1.6357242664741904,
      0.1789363032849758,
      0.791420821404245
    ],
    [
      0.05688002665029366,
      0.008282015490801384,
      0.014856483442161917,
      0.04087202605942936,
      1.4810488591541686,
      0.8514713495276236
    ],
    [
      0.057806381183633945,
      0.009516885452606953,
      0.30657310994465004,
      1.6520934777389582,
      0.024471605580941042,
      0.040114210323088845
    ],
    [
      0.05943259287786354,
      0.0058588970590574664,
      0.31087643401889486,
      1.2446478483887549,
      0.8530105430073603,
      0.16922111743698295
    ],
    [
      0.06392854836374497,
      0.01887053583049916,
      0.34880847706489226,
      1.879695874315293,
      0.5061800249093265,
      0.017729878266896572
    ],
    [
      0.06770192944137117,
      0.01888603299827784,
      0.0077708695535574045,
      1.3932910545356456,
      0.9197063114930027,
      0.21550764840525227
    ],
    [
      0.06854378893132677,
      0.01992127651707612,
      0.0628854957604705,
      1.1783253445982895,
      0.746472146975629,
      -0.07971476412099747
    ],
    [
      0.06907234431275742,
      0.08687589289696014,
      0.08659882744863677,
      0.2742196898980522,
      1.39995690307223,
      0.7184364672623276
    ],
    [
      0.07644644450680738,
      0.019655465685473016,
      1.786568913511828,
      0.3923849541365619,
      0.6025191753354613,
      0.2682187755066031
    ],
    [
      0.07747938253680904,
      0.006876054587546113,
      0.010467119827397701,
      1.5463813254192784,
      0.20394053259986766,
      0.0520417560271258
    ],
    [
      0.0785808871721983,
      0.022990845437815415,
      0.24383832021051818,
      0.04224336318759981,
      1.6738441383675517,
      0.4424183583510164
    ],
    [
      0.07938773047923577,
      0.11561684510399235,
      0.8383264778867564,
      0.6414579666159406,
      0.8669638531131488,
      0.7447645456752597
    ],
    [
      0.08030550693752563,
      0.011389486516839522,
      0.01446167246180123,
      0.025253842818966737,
      0.9674189465950027,
      1.2157124615279704
    ],
    [
      0.08159712296430549,
      0.02435536074754127,
      0.07263667789075336,
      1.3863665550710855,
      0.14022145188911211,
      0.7741550990879401
    ],
    [
      0.08594819365408331,
      0.10242939765418076,
      0.10432893367323164,
      0.25930646697821486,
      1.407224381190265,
      0.39999102723986335
    ],
    [
      0.09039599649547268,
      0.023626954744192633,
      0.26356530484503293,
      0.04269904189295587,
      1.8164932505477562,
      0.02107130505420081
    ],
    [
      0.09617497798313256,
      0.029778523649711137,
      0.07902661330658856,
      0.26964982850869224,
      1.3556303049288267,
      0.6956887351671344
    ],
    [
      0.0987680152230494,
      0.010589225933889458,
      0.40725114149071534,
      0.6713223559417916,
      1.2963988732129705,
      -0.04179373494023309
    ],
    [
      0.10135005290357028,
      0.025365688859816524,
      0.7210514520199951,
      1.1016026090724247,
      0.13266110316309299,
      0.7277990586101681
    ],
    [
      0.10307603582032453,
      0.15011546488898633,
      1.0884726083255787,
      0.8319194603717631,
      0.43549883500190834,
      0.7859157624500552
    ],
    [
      0.11122739523715094,
      0.013056354585708004,
      0.08822710997102995,
      0.3003643013084473,
      1.5100434204777502,
      0.38503050552133783
    ],
    [
      0.115275538952406,
      0.012359048866793804,
      0.4753167785978653,
      0.5403457895173236,
      1.193439796646739,
      0.3493665551201835
    ],
    [
      0.11670605091111097,
      0.19878240252172874,
      1.3778564942615263,
      1.0274512641492282,
      0.5768332723214524,
      -0.04787761133797437
    ],
    [
      0.12053651841349315,
      0.03219556496828866,
