{
  "parameters": {
    "pop_size": 100,
    "num_gen": 16,
    "bounds": [
      [
        0.0,
        1.0
      ]
    ],
    "num_obj": 2,
    "divisions": 10,
    "radius_ref": 0.15,
    "num_loops": 100
  },
  "results": {
    "nsga3_func": {
      "mean_elapsed_time": 0.6015500593185424,
      "mean_hv_elapsed_time": 0.0002919626235961914,
      "mean_count_elapsed_time": 0.0005901360511779785,
      "mean_analyze_elapsed_time": 9.804964065551758e-05,
      "mean_hypervolume": 0.413802692175414,
      "mean_gd": 0.0027316058684989752,
      "mean_igd": 0.020465559131334438,
      "coverage": 1.0,
      "empty_ratio": 0.0,
      "outside_rate": 0.0,
      "entropy_norm": 0.9143262005773536,
      "gini": 3.857600000000001,
      "chi2": 40.09599999999998,
      "avg_active": 9.090909090909093,
      "max_density": 20.01,
      "std_density": 5.75640039004325,
      "CUS": -2.857600000000001
    },
    "nsga3_deap_func": {
      "mean_elapsed_time": 0.05067300081253052,
      "mean_hv_elapsed_time": 0.000245203971862793,
      "mean_count_elapsed_time": 0.0005895805358886719,
      "mean_analyze_elapsed_time": 8.692264556884765e-05,
      "mean_hypervolume": 0.4168241362214705,
      "mean_gd": 0.0015493295062663304,
      "mean_igd": 0.009747253313678627,
      "coverage": 1.0,
      "empty_ratio": 0.0,
      "outside_rate": 0.0,
      "entropy_norm": 0.9347966832063324,
      "gini": 3.363399999999999,
      "chi2": 31.608400000000003,
      "avg_active": 9.000909090909092,
      "max_density": 16.96,
      "std_density": 5.083049973519146,
      "CUS": -2.3634000000000004
    },
    "nsga3_pymoo_func": {
      "mean_elapsed_time": 0.10750290393829345,
      "mean_hv_elapsed_time": 0.00016629934310913086,
      "mean_count_elapsed_time": 9.444713592529297e-05,
      "mean_analyze_elapsed_time": 8.283376693725586e-05,
      "mean_hypervolume": 0.3883716241566463,
      "mean_gd": 0.012786045251658409,
      "mean_igd": 0.04472842026653799,
      "coverage": 1.0,
      "empty_ratio": 0.0,
      "outside_rate": 0.0,
      "entropy_norm": 1.0,
      "gini": 0.0,
      "chi2": 0.0,
      "avg_active": 1.0,
      "max_density": 1.0,
      "std_density": 0.0,
      "CUS": 1.0
    }
  }
}